contratacion_id,empresa_id,empresa,anio,mes,mes_nombre,trimestre,rol,candidatos_recibidos,entrevistados,ofertas_enviadas,contratados,tasa_conversion_pct,tiempo_contratacion_dias,fuente_principal
CNT00001,E01,Accenture Monterrey,2023,1,January,Q1,Data Analyst,280,106,38,23,8.21,37,OCC Mundial
CNT00002,E01,Accenture Monterrey,2023,1,January,Q1,Software Developer,630,164,49,34,5.4,40,OCC Mundial
CNT00003,E01,Accenture Monterrey,2023,1,January,Q1,Backend Developer,351,138,35,23,6.55,62,OCC Mundial
CNT00004,E01,Accenture Monterrey,2023,1,January,Q1,Frontend Developer,192,51,17,11,5.73,59,LinkedIn
CNT00005,E01,Accenture Monterrey,2023,1,January,Q1,Full Stack Developer,380,147,53,45,11.84,55,Glassdoor
CNT00006,E01,Accenture Monterrey,2023,1,January,Q1,DevOps Engineer,216,85,19,11,5.09,57,Universidad UANL/ITESM
CNT00007,E01,Accenture Monterrey,2023,1,January,Q1,Cloud Architect,143,63,12,10,6.99,57,Referidos
CNT00008,E01,Accenture Monterrey,2023,1,January,Q1,Scrum Master,192,71,27,19,9.9,27,Referidos
CNT00009,E01,Accenture Monterrey,2023,1,January,Q1,Project Manager,112,48,15,11,9.82,45,OCC Mundial
CNT00010,E01,Accenture Monterrey,2023,1,January,Q1,Cybersecurity Analyst,110,38,11,7,6.36,19,LinkedIn
CNT00011,E01,Accenture Monterrey,2023,2,February,Q1,Data Analyst,250,88,25,17,6.8,44,Universidad UANL/ITESM
CNT00012,E01,Accenture Monterrey,2023,2,February,Q1,Software Developer,555,185,44,31,5.59,35,OCC Mundial
CNT00013,E01,Accenture Monterrey,2023,2,February,Q1,Backend Developer,196,52,13,10,5.1,56,LinkedIn
CNT00014,E01,Accenture Monterrey,2023,2,February,Q1,Frontend Developer,300,112,40,33,11.0,45,Referidos
CNT00015,E01,Accenture Monterrey,2023,2,February,Q1,Full Stack Developer,532,138,48,32,6.02,32,LinkedIn
CNT00016,E01,Accenture Monterrey,2023,2,February,Q1,DevOps Engineer,306,111,39,25,8.17,60,OCC Mundial
CNT00017,E01,Accenture Monterrey,2023,2,February,Q1,Cloud Architect,187,79,21,15,8.02,32,LinkedIn
CNT00018,E01,Accenture Monterrey,2023,2,February,Q1,Scrum Master,90,25,8,5,5.56,43,Csoftmty Jobs
CNT00019,E01,Accenture Monterrey,2023,2,February,Q1,Project Manager,140,42,12,7,5.0,62,OCC Mundial
CNT00020,E01,Accenture Monterrey,2023,2,February,Q1,Cybersecurity Analyst,108,36,9,8,7.41,61,Glassdoor
CNT00021,E01,Accenture Monterrey,2023,3,March,Q1,Data Analyst,261,74,16,9,3.45,62,LinkedIn
CNT00022,E01,Accenture Monterrey,2023,3,March,Q1,Software Developer,403,122,29,22,5.46,43,LinkedIn
CNT00023,E01,Accenture Monterrey,2023,3,March,Q1,Backend Developer,300,130,29,17,5.67,48,Referidos
CNT00024,E01,Accenture Monterrey,2023,3,March,Q1,Frontend Developer,252,80,25,19,7.54,32,Referidos
CNT00025,E01,Accenture Monterrey,2023,3,March,Q1,Full Stack Developer,165,56,13,11,6.67,62,OCC Mundial
CNT00026,E01,Accenture Monterrey,2023,3,March,Q1,DevOps Engineer,121,32,9,5,4.13,24,LinkedIn
CNT00027,E01,Accenture Monterrey,2023,3,March,Q1,Cloud Architect,176,54,20,14,7.95,20,LinkedIn
CNT00028,E01,Accenture Monterrey,2023,3,March,Q1,Scrum Master,187,68,23,20,10.7,23,OCC Mundial
CNT00029,E01,Accenture Monterrey,2023,3,March,Q1,Project Manager,208,78,29,18,8.65,40,LinkedIn
CNT00030,E01,Accenture Monterrey,2023,3,March,Q1,Cybersecurity Analyst,70,26,8,6,8.57,36,LinkedIn
CNT00031,E01,Accenture Monterrey,2023,4,April,Q2,Data Analyst,476,163,55,47,9.87,39,OCC Mundial
CNT00032,E01,Accenture Monterrey,2023,4,April,Q2,Software Developer,598,210,75,53,8.86,27,Referidos
CNT00033,E01,Accenture Monterrey,2023,4,April,Q2,Backend Developer,176,66,15,10,5.68,24,LinkedIn
CNT00034,E01,Accenture Monterrey,2023,4,April,Q2,Frontend Developer,220,62,24,17,7.73,33,Referidos
CNT00035,E01,Accenture Monterrey,2023,4,April,Q2,Full Stack Developer,270,76,17,13,4.81,33,LinkedIn
CNT00036,E01,Accenture Monterrey,2023,4,April,Q2,DevOps Engineer,176,45,15,11,6.25,23,Glassdoor
CNT00037,E01,Accenture Monterrey,2023,4,April,Q2,Cloud Architect,110,40,10,7,6.36,55,Referidos
CNT00038,E01,Accenture Monterrey,2023,4,April,Q2,Scrum Master,180,74,17,15,8.33,40,Csoftmty Jobs
CNT00039,E01,Accenture Monterrey,2023,4,April,Q2,Project Manager,154,59,18,14,9.09,24,Universidad UANL/ITESM
CNT00040,E01,Accenture Monterrey,2023,4,April,Q2,Cybersecurity Analyst,285,89,23,17,5.96,24,LinkedIn
CNT00041,E01,Accenture Monterrey,2023,5,May,Q2,Data Analyst,684,249,54,39,5.7,44,OCC Mundial
CNT00042,E01,Accenture Monterrey,2023,5,May,Q2,Software Developer,756,287,83,55,7.28,30,OCC Mundial
CNT00043,E01,Accenture Monterrey,2023,5,May,Q2,Backend Developer,360,144,34,21,5.83,56,OCC Mundial
CNT00044,E01,Accenture Monterrey,2023,5,May,Q2,Frontend Developer,300,97,23,16,5.33,64,Referidos
CNT00045,E01,Accenture Monterrey,2023,5,May,Q2,Full Stack Developer,315,112,23,16,5.08,23,Referidos
CNT00046,E01,Accenture Monterrey,2023,5,May,Q2,DevOps Engineer,266,91,24,20,7.52,28,LinkedIn
CNT00047,E01,Accenture Monterrey,2023,5,May,Q2,Cloud Architect,104,37,10,6,5.77,31,Glassdoor
CNT00048,E01,Accenture Monterrey,2023,5,May,Q2,Scrum Master,168,47,13,10,5.95,28,LinkedIn
CNT00049,E01,Accenture Monterrey,2023,5,May,Q2,Project Manager,143,46,9,7,4.9,50,OCC Mundial
CNT00050,E01,Accenture Monterrey,2023,5,May,Q2,Cybersecurity Analyst,324,133,33,21,6.48,52,OCC Mundial
CNT00051,E01,Accenture Monterrey,2023,6,June,Q2,Data Analyst,551,241,78,62,11.25,39,OCC Mundial
CNT00052,E01,Accenture Monterrey,2023,6,June,Q2,Software Developer,558,184,61,50,8.96,26,LinkedIn
CNT00053,E01,Accenture Monterrey,2023,6,June,Q2,Backend Developer,390,127,44,36,9.23,46,LinkedIn
CNT00054,E01,Accenture Monterrey,2023,6,June,Q2,Frontend Developer,266,97,32,21,7.89,32,OCC Mundial
CNT00055,E01,Accenture Monterrey,2023,6,June,Q2,Full Stack Developer,209,72,17,15,7.18,43,LinkedIn
CNT00056,E01,Accenture Monterrey,2023,6,June,Q2,DevOps Engineer,180,49,13,8,4.44,26,LinkedIn
CNT00057,E01,Accenture Monterrey,2023,6,June,Q2,Cloud Architect,192,62,22,14,7.29,27,LinkedIn
CNT00058,E01,Accenture Monterrey,2023,6,June,Q2,Scrum Master,63,18,5,4,6.35,31,LinkedIn
CNT00059,E01,Accenture Monterrey,2023,6,June,Q2,Project Manager,126,33,12,7,5.56,36,LinkedIn
CNT00060,E01,Accenture Monterrey,2023,6,June,Q2,Cybersecurity Analyst,224,75,27,21,9.38,37,OCC Mundial
CNT00061,E01,Accenture Monterrey,2023,7,July,Q3,Data Analyst,450,151,45,29,6.44,22,Referidos
CNT00062,E01,Accenture Monterrey,2023,7,July,Q3,Software Developer,324,108,43,31,9.57,51,Universidad UANL/ITESM
CNT00063,E01,Accenture Monterrey,2023,7,July,Q3,Backend Developer,230,96,30,26,11.3,55,OCC Mundial
CNT00064,E01,Accenture Monterrey,2023,7,July,Q3,Frontend Developer,330,115,23,14,4.24,21,Referidos
CNT00065,E01,Accenture Monterrey,2023,7,July,Q3,Full Stack Developer,285,83,17,14,4.91,20,LinkedIn
CNT00066,E01,Accenture Monterrey,2023,7,July,Q3,DevOps Engineer,144,38,12,9,6.25,40,Glassdoor
CNT00067,E01,Accenture Monterrey,2023,7,July,Q3,Cloud Architect,135,40,8,5,3.7,58,LinkedIn
CNT00068,E01,Accenture Monterrey,2023,7,July,Q3,Scrum Master,64,16,5,3,4.69,47,LinkedIn
CNT00069,E01,Accenture Monterrey,2023,7,July,Q3,Project Manager,252,102,30,26,10.32,18,Referidos
CNT00070,E01,Accenture Monterrey,2023,7,July,Q3,Cybersecurity Analyst,153,67,21,14,9.15,24,LinkedIn
CNT00071,E01,Accenture Monterrey,2023,8,August,Q3,Data Analyst,234,67,14,9,3.85,26,Universidad UANL/ITESM
CNT00072,E01,Accenture Monterrey,2023,8,August,Q3,Software Developer,374,133,44,30,8.02,20,OCC Mundial
CNT00073,E01,Accenture Monterrey,2023,8,August,Q3,Backend Developer,351,131,30,25,7.12,58,LinkedIn
CNT00074,E01,Accenture Monterrey,2023,8,August,Q3,Frontend Developer,140,38,11,6,4.29,44,Referidos
CNT00075,E01,Accenture Monterrey,2023,8,August,Q3,Full Stack Developer,418,156,51,39,9.33,29,Glassdoor
CNT00076,E01,Accenture Monterrey,2023,8,August,Q3,DevOps Engineer,108,32,9,7,6.48,40,LinkedIn
CNT00077,E01,Accenture Monterrey,2023,8,August,Q3,Cloud Architect,100,27,5,3,3.0,60,Universidad UANL/ITESM
CNT00078,E01,Accenture Monterrey,2023,8,August,Q3,Scrum Master,165,47,17,11,6.67,46,OCC Mundial
CNT00079,E01,Accenture Monterrey,2023,8,August,Q3,Project Manager,135,42,9,7,5.19,25,Referidos
CNT00080,E01,Accenture Monterrey,2023,8,August,Q3,Cybersecurity Analyst,104,44,15,13,12.5,51,LinkedIn
CNT00081,E01,Accenture Monterrey,2023,9,September,Q3,Data Analyst,405,180,62,43,10.62,35,Glassdoor
CNT00082,E01,Accenture Monterrey,2023,9,September,Q3,Software Developer,304,108,42,32,10.53,58,OCC Mundial
CNT00083,E01,Accenture Monterrey,2023,9,September,Q3,Backend Developer,368,125,41,34,9.24,19,OCC Mundial
CNT00084,E01,Accenture Monterrey,2023,9,September,Q3,Frontend Developer,196,61,22,14,7.14,19,LinkedIn
CNT00085,E01,Accenture Monterrey,2023,9,September,Q3,Full Stack Developer,231,63,16,12,5.19,27,OCC Mundial
CNT00086,E01,Accenture Monterrey,2023,9,September,Q3,DevOps Engineer,143,57,18,15,10.49,28,Referidos
CNT00087,E01,Accenture Monterrey,2023,9,September,Q3,Cloud Architect,144,47,12,7,4.86,61,LinkedIn
CNT00088,E01,Accenture Monterrey,2023,9,September,Q3,Scrum Master,187,66,14,9,4.81,61,LinkedIn
CNT00089,E01,Accenture Monterrey,2023,9,September,Q3,Project Manager,195,86,26,15,7.69,18,Referidos
CNT00090,E01,Accenture Monterrey,2023,9,September,Q3,Cybersecurity Analyst,96,26,7,5,5.21,26,Referidos
CNT00091,E01,Accenture Monterrey,2023,10,October,Q4,Data Analyst,486,184,51,30,6.17,60,OCC Mundial
CNT00092,E01,Accenture Monterrey,2023,10,October,Q4,Software Developer,518,186,48,31,5.98,28,OCC Mundial
CNT00093,E01,Accenture Monterrey,2023,10,October,Q4,Backend Developer,252,103,29,25,9.92,57,Glassdoor
CNT00094,E01,Accenture Monterrey,2023,10,October,Q4,Frontend Developer,216,69,26,17,7.87,21,Csoftmty Jobs
CNT00095,E01,Accenture Monterrey,2023,10,October,Q4,Full Stack Developer,253,64,22,17,6.72,35,LinkedIn
CNT00096,E01,Accenture Monterrey,2023,10,October,Q4,DevOps Engineer,112,39,8,6,5.36,41,LinkedIn
CNT00097,E01,Accenture Monterrey,2023,10,October,Q4,Cloud Architect,221,81,24,16,7.24,41,Glassdoor
CNT00098,E01,Accenture Monterrey,2023,10,October,Q4,Scrum Master,81,23,6,4,4.94,51,OCC Mundial
CNT00099,E01,Accenture Monterrey,2023,10,October,Q4,Project Manager,66,21,5,3,4.55,44,LinkedIn
CNT00100,E01,Accenture Monterrey,2023,10,October,Q4,Cybersecurity Analyst,160,70,16,12,7.5,48,Glassdoor
CNT00101,E01,Accenture Monterrey,2023,11,November,Q4,Data Analyst,330,144,36,31,9.39,44,Universidad UANL/ITESM
CNT00102,E01,Accenture Monterrey,2023,11,November,Q4,Software Developer,768,302,80,53,6.9,26,OCC Mundial
CNT00103,E01,Accenture Monterrey,2023,11,November,Q4,Backend Developer,224,70,21,16,7.14,21,LinkedIn
CNT00104,E01,Accenture Monterrey,2023,11,November,Q4,Frontend Developer,120,33,12,10,8.33,19,OCC Mundial
CNT00105,E01,Accenture Monterrey,2023,11,November,Q4,Full Stack Developer,187,68,25,15,8.02,58,LinkedIn
CNT00106,E01,Accenture Monterrey,2023,11,November,Q4,DevOps Engineer,272,68,26,16,5.88,21,OCC Mundial
CNT00107,E01,Accenture Monterrey,2023,11,November,Q4,Cloud Architect,112,50,11,8,7.14,54,LinkedIn
CNT00108,E01,Accenture Monterrey,2023,11,November,Q4,Scrum Master,70,26,10,7,10.0,56,Glassdoor
CNT00109,E01,Accenture Monterrey,2023,11,November,Q4,Project Manager,132,51,16,12,9.09,59,Csoftmty Jobs
CNT00110,E01,Accenture Monterrey,2023,11,November,Q4,Cybersecurity Analyst,180,74,20,17,9.44,52,Referidos
CNT00111,E01,Accenture Monterrey,2023,12,December,Q4,Data Analyst,243,99,34,27,11.11,34,LinkedIn
CNT00112,E01,Accenture Monterrey,2023,12,December,Q4,Software Developer,612,216,60,40,6.54,51,Universidad UANL/ITESM
CNT00113,E01,Accenture Monterrey,2023,12,December,Q4,Backend Developer,152,57,15,10,6.58,34,LinkedIn
CNT00114,E01,Accenture Monterrey,2023,12,December,Q4,Frontend Developer,255,111,32,23,9.02,28,LinkedIn
CNT00115,E01,Accenture Monterrey,2023,12,December,Q4,Full Stack Developer,220,55,12,8,3.64,40,Referidos
CNT00116,E01,Accenture Monterrey,2023,12,December,Q4,DevOps Engineer,121,31,11,9,7.44,44,LinkedIn
CNT00117,E01,Accenture Monterrey,2023,12,December,Q4,Cloud Architect,224,79,28,21,9.38,61,LinkedIn
CNT00118,E01,Accenture Monterrey,2023,12,December,Q4,Scrum Master,99,43,10,6,6.06,28,LinkedIn
CNT00119,E01,Accenture Monterrey,2023,12,December,Q4,Project Manager,195,56,19,14,7.18,49,LinkedIn
CNT00120,E01,Accenture Monterrey,2023,12,December,Q4,Cybersecurity Analyst,117,48,12,9,7.69,63,Glassdoor
CNT00121,E01,Accenture Monterrey,2024,1,January,Q1,Data Analyst,225,86,24,17,7.56,54,LinkedIn
CNT00122,E01,Accenture Monterrey,2024,1,January,Q1,Software Developer,416,177,44,28,6.73,63,LinkedIn
CNT00123,E01,Accenture Monterrey,2024,1,January,Q1,Backend Developer,240,73,18,12,5.0,44,Referidos
CNT00124,E01,Accenture Monterrey,2024,1,January,Q1,Frontend Developer,150,62,15,11,7.33,57,OCC Mundial
CNT00125,E01,Accenture Monterrey,2024,1,January,Q1,Full Stack Developer,304,127,32,19,6.25,24,Csoftmty Jobs
CNT00126,E01,Accenture Monterrey,2024,1,January,Q1,DevOps Engineer,238,59,16,11,4.62,28,Csoftmty Jobs
CNT00127,E01,Accenture Monterrey,2024,1,January,Q1,Cloud Architect,169,49,11,7,4.14,33,OCC Mundial
CNT00128,E01,Accenture Monterrey,2024,1,January,Q1,Scrum Master,306,81,17,14,4.58,51,Universidad UANL/ITESM
CNT00129,E01,Accenture Monterrey,2024,1,January,Q1,Project Manager,120,45,14,11,9.17,18,Referidos
CNT00130,E01,Accenture Monterrey,2024,1,January,Q1,Cybersecurity Analyst,165,64,15,11,6.67,21,Referidos
CNT00131,E01,Accenture Monterrey,2024,2,February,Q1,Data Analyst,266,114,40,26,9.77,25,Glassdoor
CNT00132,E01,Accenture Monterrey,2024,2,February,Q1,Software Developer,612,203,64,48,7.84,48,LinkedIn
CNT00133,E01,Accenture Monterrey,2024,2,February,Q1,Backend Developer,184,47,14,9,4.89,45,Referidos
CNT00134,E01,Accenture Monterrey,2024,2,February,Q1,Frontend Developer,320,136,46,33,10.31,43,Glassdoor
CNT00135,E01,Accenture Monterrey,2024,2,February,Q1,Full Stack Developer,323,87,30,25,7.74,49,Referidos
CNT00136,E01,Accenture Monterrey,2024,2,February,Q1,DevOps Engineer,209,80,17,10,4.78,53,Glassdoor
CNT00137,E01,Accenture Monterrey,2024,2,February,Q1,Cloud Architect,80,20,4,2,2.5,45,LinkedIn
CNT00138,E01,Accenture Monterrey,2024,2,February,Q1,Scrum Master,238,79,24,16,6.72,62,OCC Mundial
CNT00139,E01,Accenture Monterrey,2024,2,February,Q1,Project Manager,168,43,12,8,4.76,30,Glassdoor
CNT00140,E01,Accenture Monterrey,2024,2,February,Q1,Cybersecurity Analyst,130,39,10,8,6.15,26,OCC Mundial
CNT00141,E01,Accenture Monterrey,2024,3,March,Q1,Data Analyst,336,118,37,22,6.55,62,Referidos
CNT00142,E01,Accenture Monterrey,2024,3,March,Q1,Software Developer,432,186,47,36,8.33,57,Glassdoor
CNT00143,E01,Accenture Monterrey,2024,3,March,Q1,Backend Developer,378,156,51,41,10.85,25,Referidos
CNT00144,E01,Accenture Monterrey,2024,3,March,Q1,Frontend Developer,132,46,17,10,7.58,53,OCC Mundial
CNT00145,E01,Accenture Monterrey,2024,3,March,Q1,Full Stack Developer,210,91,21,18,8.57,47,Referidos
CNT00146,E01,Accenture Monterrey,2024,3,March,Q1,DevOps Engineer,168,47,15,12,7.14,39,LinkedIn
CNT00147,E01,Accenture Monterrey,2024,3,March,Q1,Cloud Architect,40,13,3,2,5.0,21,Referidos
CNT00148,E01,Accenture Monterrey,2024,3,March,Q1,Scrum Master,120,46,17,11,9.17,40,OCC Mundial
CNT00149,E01,Accenture Monterrey,2024,3,March,Q1,Project Manager,90,37,10,8,8.89,59,LinkedIn
CNT00150,E01,Accenture Monterrey,2024,3,March,Q1,Cybersecurity Analyst,196,71,25,16,8.16,23,Referidos
CNT00151,E01,Accenture Monterrey,2024,4,April,Q2,Data Analyst,425,122,44,27,6.35,23,Universidad UANL/ITESM
CNT00152,E01,Accenture Monterrey,2024,4,April,Q2,Software Developer,405,104,41,30,7.41,22,OCC Mundial
CNT00153,E01,Accenture Monterrey,2024,4,April,Q2,Backend Developer,400,141,45,27,6.75,31,OCC Mundial
CNT00154,E01,Accenture Monterrey,2024,4,April,Q2,Frontend Developer,238,63,16,9,3.78,60,Glassdoor
CNT00155,E01,Accenture Monterrey,2024,4,April,Q2,Full Stack Developer,300,117,40,35,11.67,50,OCC Mundial
CNT00156,E01,Accenture Monterrey,2024,4,April,Q2,DevOps Engineer,315,138,50,44,13.97,47,Glassdoor
CNT00157,E01,Accenture Monterrey,2024,4,April,Q2,Cloud Architect,65,26,7,6,9.23,32,Glassdoor
CNT00158,E01,Accenture Monterrey,2024,4,April,Q2,Scrum Master,153,39,13,9,5.88,47,LinkedIn
CNT00159,E01,Accenture Monterrey,2024,4,April,Q2,Project Manager,224,94,27,21,9.38,41,Csoftmty Jobs
CNT00160,E01,Accenture Monterrey,2024,4,April,Q2,Cybersecurity Analyst,210,89,26,21,10.0,34,OCC Mundial
CNT00161,E01,Accenture Monterrey,2024,5,May,Q2,Data Analyst,442,196,48,28,6.33,26,OCC Mundial
CNT00162,E01,Accenture Monterrey,2024,5,May,Q2,Software Developer,836,336,117,77,9.21,46,LinkedIn
CNT00163,E01,Accenture Monterrey,2024,5,May,Q2,Backend Developer,256,70,18,13,5.08,43,OCC Mundial
CNT00164,E01,Accenture Monterrey,2024,5,May,Q2,Frontend Developer,255,106,29,23,9.02,60,Referidos
CNT00165,E01,Accenture Monterrey,2024,5,May,Q2,Full Stack Developer,170,47,11,7,4.12,40,LinkedIn
CNT00166,E01,Accenture Monterrey,2024,5,May,Q2,DevOps Engineer,54,15,3,2,3.7,46,LinkedIn
CNT00167,E01,Accenture Monterrey,2024,5,May,Q2,Cloud Architect,90,28,8,5,5.56,45,Referidos
CNT00168,E01,Accenture Monterrey,2024,5,May,Q2,Scrum Master,180,59,18,12,6.67,34,LinkedIn
CNT00169,E01,Accenture Monterrey,2024,5,May,Q2,Project Manager,135,47,10,6,4.44,51,LinkedIn
CNT00170,E01,Accenture Monterrey,2024,5,May,Q2,Cybersecurity Analyst,162,40,10,6,3.7,60,OCC Mundial
CNT00171,E01,Accenture Monterrey,2024,6,June,Q2,Data Analyst,448,113,24,16,3.57,40,Universidad UANL/ITESM
CNT00172,E01,Accenture Monterrey,2024,6,June,Q2,Software Developer,300,98,32,27,9.0,19,OCC Mundial
CNT00173,E01,Accenture Monterrey,2024,6,June,Q2,Backend Developer,198,64,14,10,5.05,33,OCC Mundial
CNT00174,E01,Accenture Monterrey,2024,6,June,Q2,Frontend Developer,289,82,18,14,4.84,20,Referidos
CNT00175,E01,Accenture Monterrey,2024,6,June,Q2,Full Stack Developer,288,103,39,27,9.38,20,OCC Mundial
CNT00176,E01,Accenture Monterrey,2024,6,June,Q2,DevOps Engineer,150,44,17,14,9.33,58,Universidad UANL/ITESM
CNT00177,E01,Accenture Monterrey,2024,6,June,Q2,Cloud Architect,40,14,5,3,7.5,41,LinkedIn
CNT00178,E01,Accenture Monterrey,2024,6,June,Q2,Scrum Master,132,38,8,7,5.3,21,OCC Mundial
CNT00179,E01,Accenture Monterrey,2024,6,June,Q2,Project Manager,104,40,14,12,11.54,47,Referidos
CNT00180,E01,Accenture Monterrey,2024,6,June,Q2,Cybersecurity Analyst,255,98,22,18,7.06,29,Csoftmty Jobs
CNT00181,E01,Accenture Monterrey,2024,7,July,Q3,Data Analyst,252,90,35,26,10.32,47,OCC Mundial
CNT00182,E01,Accenture Monterrey,2024,7,July,Q3,Software Developer,300,98,27,21,7.0,20,OCC Mundial
CNT00183,E01,Accenture Monterrey,2024,7,July,Q3,Backend Developer,136,60,21,13,9.56,26,OCC Mundial
CNT00184,E01,Accenture Monterrey,2024,7,July,Q3,Frontend Developer,152,58,15,13,8.55,19,Referidos
CNT00185,E01,Accenture Monterrey,2024,7,July,Q3,Full Stack Developer,350,145,43,29,8.29,61,Referidos
CNT00186,E01,Accenture Monterrey,2024,7,July,Q3,DevOps Engineer,108,39,9,6,5.56,18,Glassdoor
CNT00187,E01,Accenture Monterrey,2024,7,July,Q3,Cloud Architect,50,19,7,5,10.0,33,Glassdoor
CNT00188,E01,Accenture Monterrey,2024,7,July,Q3,Scrum Master,80,24,5,4,5.0,23,Csoftmty Jobs
CNT00189,E01,Accenture Monterrey,2024,7,July,Q3,Project Manager,95,24,5,3,3.16,46,Referidos
CNT00190,E01,Accenture Monterrey,2024,7,July,Q3,Cybersecurity Analyst,144,58,14,8,5.56,63,Referidos
CNT00191,E01,Accenture Monterrey,2024,8,August,Q3,Data Analyst,378,146,52,37,9.79,63,LinkedIn
CNT00192,E01,Accenture Monterrey,2024,8,August,Q3,Software Developer,770,258,96,75,9.74,64,Glassdoor
CNT00193,E01,Accenture Monterrey,2024,8,August,Q3,Backend Developer,338,89,29,17,5.03,48,LinkedIn
CNT00194,E01,Accenture Monterrey,2024,8,August,Q3,Frontend Developer,350,96,24,19,5.43,58,Glassdoor
CNT00195,E01,Accenture Monterrey,2024,8,August,Q3,Full Stack Developer,209,74,15,10,4.78,22,LinkedIn
CNT00196,E01,Accenture Monterrey,2024,8,August,Q3,DevOps Engineer,120,44,8,5,4.17,32,LinkedIn
CNT00197,E01,Accenture Monterrey,2024,8,August,Q3,Cloud Architect,209,83,17,10,4.78,22,OCC Mundial
CNT00198,E01,Accenture Monterrey,2024,8,August,Q3,Scrum Master,54,21,5,3,5.56,41,Universidad UANL/ITESM
CNT00199,E01,Accenture Monterrey,2024,8,August,Q3,Project Manager,143,54,17,11,7.69,55,Csoftmty Jobs
CNT00200,E01,Accenture Monterrey,2024,8,August,Q3,Cybersecurity Analyst,104,34,11,6,5.77,56,OCC Mundial
CNT00201,E01,Accenture Monterrey,2024,9,September,Q3,Data Analyst,300,90,33,21,7.0,49,Universidad UANL/ITESM
CNT00202,E01,Accenture Monterrey,2024,9,September,Q3,Software Developer,430,188,62,49,11.4,53,LinkedIn
CNT00203,E01,Accenture Monterrey,2024,9,September,Q3,Backend Developer,200,63,14,10,5.0,36,OCC Mundial
CNT00204,E01,Accenture Monterrey,2024,9,September,Q3,Frontend Developer,231,80,29,21,9.09,20,Csoftmty Jobs
CNT00205,E01,Accenture Monterrey,2024,9,September,Q3,Full Stack Developer,342,137,28,17,4.97,27,Referidos
CNT00206,E01,Accenture Monterrey,2024,9,September,Q3,DevOps Engineer,255,109,26,18,7.06,29,LinkedIn
CNT00207,E01,Accenture Monterrey,2024,9,September,Q3,Cloud Architect,54,21,7,4,7.41,18,Universidad UANL/ITESM
CNT00208,E01,Accenture Monterrey,2024,9,September,Q3,Scrum Master,196,69,24,21,10.71,50,Referidos
CNT00209,E01,Accenture Monterrey,2024,9,September,Q3,Project Manager,100,37,11,9,9.0,27,Glassdoor
CNT00210,E01,Accenture Monterrey,2024,9,September,Q3,Cybersecurity Analyst,304,128,39,32,10.53,20,LinkedIn
CNT00211,E01,Accenture Monterrey,2024,10,October,Q4,Data Analyst,264,95,26,19,7.2,54,Referidos
CNT00212,E01,Accenture Monterrey,2024,10,October,Q4,Software Developer,846,299,66,42,4.96,28,Referidos
CNT00213,E01,Accenture Monterrey,2024,10,October,Q4,Backend Developer,312,95,35,28,8.97,47,OCC Mundial
CNT00214,E01,Accenture Monterrey,2024,10,October,Q4,Frontend Developer,156,68,21,14,8.97,39,OCC Mundial
CNT00215,E01,Accenture Monterrey,2024,10,October,Q4,Full Stack Developer,494,134,30,25,5.06,60,Glassdoor
CNT00216,E01,Accenture Monterrey,2024,10,October,Q4,DevOps Engineer,112,43,12,8,7.14,64,LinkedIn
CNT00217,E01,Accenture Monterrey,2024,10,October,Q4,Cloud Architect,165,46,17,10,6.06,53,OCC Mundial
CNT00218,E01,Accenture Monterrey,2024,10,October,Q4,Scrum Master,150,50,11,9,6.0,57,OCC Mundial
CNT00219,E01,Accenture Monterrey,2024,10,October,Q4,Project Manager,136,46,12,9,6.62,25,Referidos
CNT00220,E01,Accenture Monterrey,2024,10,October,Q4,Cybersecurity Analyst,180,70,21,15,8.33,25,Glassdoor
CNT00221,E01,Accenture Monterrey,2024,11,November,Q4,Data Analyst,242,73,28,19,7.85,21,Universidad UANL/ITESM
CNT00222,E01,Accenture Monterrey,2024,11,November,Q4,Software Developer,410,174,46,31,7.56,55,Universidad UANL/ITESM
CNT00223,E01,Accenture Monterrey,2024,11,November,Q4,Backend Developer,510,201,75,66,12.94,34,Universidad UANL/ITESM
CNT00224,E01,Accenture Monterrey,2024,11,November,Q4,Frontend Developer,154,57,13,8,5.19,29,LinkedIn
CNT00225,E01,Accenture Monterrey,2024,11,November,Q4,Full Stack Developer,285,82,21,15,5.26,27,Universidad UANL/ITESM
CNT00226,E01,Accenture Monterrey,2024,11,November,Q4,DevOps Engineer,204,55,12,10,4.9,53,OCC Mundial
CNT00227,E01,Accenture Monterrey,2024,11,November,Q4,Cloud Architect,88,23,7,5,5.68,53,Referidos
CNT00228,E01,Accenture Monterrey,2024,11,November,Q4,Scrum Master,84,30,8,4,4.76,18,Referidos
CNT00229,E01,Accenture Monterrey,2024,11,November,Q4,Project Manager,180,50,12,7,3.89,50,OCC Mundial
CNT00230,E01,Accenture Monterrey,2024,11,November,Q4,Cybersecurity Analyst,273,118,32,20,7.33,20,LinkedIn
CNT00231,E01,Accenture Monterrey,2024,12,December,Q4,Data Analyst,304,83,18,11,3.62,51,OCC Mundial
CNT00232,E01,Accenture Monterrey,2024,12,December,Q4,Software Developer,272,80,19,15,5.51,21,Referidos
CNT00233,E01,Accenture Monterrey,2024,12,December,Q4,Backend Developer,224,100,20,14,6.25,21,Referidos
CNT00234,E01,Accenture Monterrey,2024,12,December,Q4,Frontend Developer,238,69,20,14,5.88,55,Glassdoor
CNT00235,E01,Accenture Monterrey,2024,12,December,Q4,Full Stack Developer,209,92,23,16,7.66,58,LinkedIn
CNT00236,E01,Accenture Monterrey,2024,12,December,Q4,DevOps Engineer,168,54,17,12,7.14,59,Referidos
CNT00237,E01,Accenture Monterrey,2024,12,December,Q4,Cloud Architect,72,24,7,4,5.56,33,Referidos
CNT00238,E01,Accenture Monterrey,2024,12,December,Q4,Scrum Master,126,32,9,7,5.56,38,LinkedIn
CNT00239,E01,Accenture Monterrey,2024,12,December,Q4,Project Manager,100,42,13,9,9.0,57,Glassdoor
CNT00240,E01,Accenture Monterrey,2024,12,December,Q4,Cybersecurity Analyst,238,99,20,13,5.46,28,LinkedIn
CNT00241,E02,Tata Consultancy Services,2023,1,January,Q1,Data Analyst,180,56,21,18,10.0,42,OCC Mundial
CNT00242,E02,Tata Consultancy Services,2023,1,January,Q1,Software Developer,416,109,28,23,5.53,44,Referidos
CNT00243,E02,Tata Consultancy Services,2023,1,January,Q1,Backend Developer,288,95,26,17,5.9,32,LinkedIn
CNT00244,E02,Tata Consultancy Services,2023,1,January,Q1,Frontend Developer,75,24,7,4,5.33,36,Csoftmty Jobs
CNT00245,E02,Tata Consultancy Services,2023,1,January,Q1,Full Stack Developer,285,107,22,17,5.96,32,OCC Mundial
CNT00246,E02,Tata Consultancy Services,2023,1,January,Q1,DevOps Engineer,99,42,10,8,8.08,18,Referidos
CNT00247,E02,Tata Consultancy Services,2023,1,January,Q1,Cloud Architect,65,20,4,3,4.62,28,OCC Mundial
CNT00248,E02,Tata Consultancy Services,2023,1,January,Q1,Scrum Master,153,45,9,6,3.92,60,Csoftmty Jobs
CNT00249,E02,Tata Consultancy Services,2023,1,January,Q1,Project Manager,77,23,6,4,5.19,62,LinkedIn
CNT00250,E02,Tata Consultancy Services,2023,1,January,Q1,Cybersecurity Analyst,266,75,16,11,4.14,18,OCC Mundial
CNT00251,E02,Tata Consultancy Services,2023,2,February,Q1,Data Analyst,360,126,30,26,7.22,32,LinkedIn
CNT00252,E02,Tata Consultancy Services,2023,2,February,Q1,Software Developer,414,123,39,24,5.8,60,Referidos
CNT00253,E02,Tata Consultancy Services,2023,2,February,Q1,Backend Developer,112,44,9,6,5.36,54,Referidos
CNT00254,E02,Tata Consultancy Services,2023,2,February,Q1,Frontend Developer,234,63,21,12,5.13,31,LinkedIn
CNT00255,E02,Tata Consultancy Services,2023,2,February,Q1,Full Stack Developer,135,39,7,4,2.96,34,Referidos
CNT00256,E02,Tata Consultancy Services,2023,2,February,Q1,DevOps Engineer,70,27,10,7,10.0,34,LinkedIn
CNT00257,E02,Tata Consultancy Services,2023,2,February,Q1,Cloud Architect,108,34,8,6,5.56,46,LinkedIn
CNT00258,E02,Tata Consultancy Services,2023,2,February,Q1,Scrum Master,126,36,10,6,4.76,18,Csoftmty Jobs
CNT00259,E02,Tata Consultancy Services,2023,2,February,Q1,Project Manager,65,20,6,4,6.15,45,OCC Mundial
CNT00260,E02,Tata Consultancy Services,2023,2,February,Q1,Cybersecurity Analyst,182,59,15,13,7.14,58,LinkedIn
CNT00261,E02,Tata Consultancy Services,2023,3,March,Q1,Data Analyst,240,86,30,19,7.92,23,Universidad UANL/ITESM
CNT00262,E02,Tata Consultancy Services,2023,3,March,Q1,Software Developer,243,94,33,28,11.52,31,Csoftmty Jobs
CNT00263,E02,Tata Consultancy Services,2023,3,March,Q1,Backend Developer,150,47,13,10,6.67,32,Referidos
CNT00264,E02,Tata Consultancy Services,2023,3,March,Q1,Frontend Developer,100,25,9,7,7.0,40,LinkedIn
CNT00265,E02,Tata Consultancy Services,2023,3,March,Q1,Full Stack Developer,126,41,8,6,4.76,27,Referidos
CNT00266,E02,Tata Consultancy Services,2023,3,March,Q1,DevOps Engineer,96,42,9,5,5.21,26,Universidad UANL/ITESM
CNT00267,E02,Tata Consultancy Services,2023,3,March,Q1,Cloud Architect,57,19,5,3,5.26,38,Referidos
CNT00268,E02,Tata Consultancy Services,2023,3,March,Q1,Scrum Master,110,40,10,7,6.36,58,LinkedIn
CNT00269,E02,Tata Consultancy Services,2023,3,March,Q1,Project Manager,170,72,18,16,9.41,46,LinkedIn
CNT00270,E02,Tata Consultancy Services,2023,3,March,Q1,Cybersecurity Analyst,40,13,2,1,2.5,64,LinkedIn
CNT00271,E02,Tata Consultancy Services,2023,4,April,Q2,Data Analyst,266,81,21,16,6.02,43,LinkedIn
CNT00272,E02,Tata Consultancy Services,2023,4,April,Q2,Software Developer,608,155,36,31,5.1,59,Glassdoor
CNT00273,E02,Tata Consultancy Services,2023,4,April,Q2,Backend Developer,196,67,23,19,9.69,45,LinkedIn
CNT00274,E02,Tata Consultancy Services,2023,4,April,Q2,Frontend Developer,98,29,10,6,6.12,31,LinkedIn
CNT00275,E02,Tata Consultancy Services,2023,4,April,Q2,Full Stack Developer,182,68,24,19,10.44,18,OCC Mundial
CNT00276,E02,Tata Consultancy Services,2023,4,April,Q2,DevOps Engineer,72,22,8,6,8.33,32,LinkedIn
CNT00277,E02,Tata Consultancy Services,2023,4,April,Q2,Cloud Architect,64,25,8,4,6.25,20,OCC Mundial
CNT00278,E02,Tata Consultancy Services,2023,4,April,Q2,Scrum Master,65,24,6,4,6.15,19,LinkedIn
CNT00279,E02,Tata Consultancy Services,2023,4,April,Q2,Project Manager,84,25,8,5,5.95,47,LinkedIn
CNT00280,E02,Tata Consultancy Services,2023,4,April,Q2,Cybersecurity Analyst,90,36,11,7,7.78,58,Glassdoor
CNT00281,E02,Tata Consultancy Services,2023,5,May,Q2,Data Analyst,192,61,18,11,5.73,52,Csoftmty Jobs
CNT00282,E02,Tata Consultancy Services,2023,5,May,Q2,Software Developer,280,79,24,20,7.14,41,Glassdoor
CNT00283,E02,Tata Consultancy Services,2023,5,May,Q2,Backend Developer,270,98,21,15,5.56,54,Glassdoor
CNT00284,E02,Tata Consultancy Services,2023,5,May,Q2,Frontend Developer,154,49,14,9,5.84,46,OCC Mundial
CNT00285,E02,Tata Consultancy Services,2023,5,May,Q2,Full Stack Developer,180,55,15,10,5.56,43,OCC Mundial
CNT00286,E02,Tata Consultancy Services,2023,5,May,Q2,DevOps Engineer,140,37,8,6,4.29,18,Universidad UANL/ITESM
CNT00287,E02,Tata Consultancy Services,2023,5,May,Q2,Cloud Architect,20,8,1,0,0.0,23,Csoftmty Jobs
CNT00288,E02,Tata Consultancy Services,2023,5,May,Q2,Scrum Master,165,49,17,14,8.48,50,Referidos
CNT00289,E02,Tata Consultancy Services,2023,5,May,Q2,Project Manager,40,13,3,2,5.0,35,OCC Mundial
CNT00290,E02,Tata Consultancy Services,2023,5,May,Q2,Cybersecurity Analyst,152,63,19,15,9.87,18,LinkedIn
CNT00291,E02,Tata Consultancy Services,2023,6,June,Q2,Data Analyst,399,160,42,32,8.02,34,LinkedIn
CNT00292,E02,Tata Consultancy Services,2023,6,June,Q2,Software Developer,264,100,20,12,4.55,29,LinkedIn
CNT00293,E02,Tata Consultancy Services,2023,6,June,Q2,Backend Developer,224,90,19,11,4.91,43,Referidos
CNT00294,E02,Tata Consultancy Services,2023,6,June,Q2,Frontend Developer,72,20,4,3,4.17,34,OCC Mundial
CNT00295,E02,Tata Consultancy Services,2023,6,June,Q2,Full Stack Developer,154,52,15,10,6.49,31,LinkedIn
CNT00296,E02,Tata Consultancy Services,2023,6,June,Q2,DevOps Engineer,120,44,15,10,8.33,41,Csoftmty Jobs
CNT00297,E02,Tata Consultancy Services,2023,6,June,Q2,Cloud Architect,72,18,5,3,4.17,61,LinkedIn
CNT00298,E02,Tata Consultancy Services,2023,6,June,Q2,Scrum Master,70,26,6,4,5.71,39,OCC Mundial
CNT00299,E02,Tata Consultancy Services,2023,6,June,Q2,Project Manager,126,38,12,9,7.14,36,Glassdoor
CNT00300,E02,Tata Consultancy Services,2023,6,June,Q2,Cybersecurity Analyst,77,28,9,5,6.49,43,Glassdoor
CNT00301,E02,Tata Consultancy Services,2023,7,July,Q3,Data Analyst,171,69,19,16,9.36,32,OCC Mundial
CNT00302,E02,Tata Consultancy Services,2023,7,July,Q3,Software Developer,432,194,66,44,10.19,40,Referidos
CNT00303,E02,Tata Consultancy Services,2023,7,July,Q3,Backend Developer,190,68,23,14,7.37,54,LinkedIn
CNT00304,E02,Tata Consultancy Services,2023,7,July,Q3,Frontend Developer,190,68,21,18,9.47,60,LinkedIn
CNT00305,E02,Tata Consultancy Services,2023,7,July,Q3,Full Stack Developer,168,73,27,23,13.69,42,LinkedIn
CNT00306,E02,Tata Consultancy Services,2023,7,July,Q3,DevOps Engineer,120,39,10,7,5.83,44,OCC Mundial
CNT00307,E02,Tata Consultancy Services,2023,7,July,Q3,Cloud Architect,156,62,22,16,10.26,37,Universidad UANL/ITESM
CNT00308,E02,Tata Consultancy Services,2023,7,July,Q3,Scrum Master,64,21,4,2,3.12,44,OCC Mundial
CNT00309,E02,Tata Consultancy Services,2023,7,July,Q3,Project Manager,60,26,6,4,6.67,61,OCC Mundial
CNT00310,E02,Tata Consultancy Services,2023,7,July,Q3,Cybersecurity Analyst,132,57,15,11,8.33,62,LinkedIn
CNT00311,E02,Tata Consultancy Services,2023,8,August,Q3,Data Analyst,247,110,37,25,10.12,27,Csoftmty Jobs
CNT00312,E02,Tata Consultancy Services,2023,8,August,Q3,Software Developer,513,178,42,37,7.21,61,LinkedIn
CNT00313,E02,Tata Consultancy Services,2023,8,August,Q3,Backend Developer,168,67,22,15,8.93,36,OCC Mundial
CNT00314,E02,Tata Consultancy Services,2023,8,August,Q3,Frontend Developer,140,36,10,7,5.0,42,OCC Mundial
CNT00315,E02,Tata Consultancy Services,2023,8,August,Q3,Full Stack Developer,80,35,10,6,7.5,30,LinkedIn
CNT00316,E02,Tata Consultancy Services,2023,8,August,Q3,DevOps Engineer,48,12,4,2,4.17,45,Glassdoor
CNT00317,E02,Tata Consultancy Services,2023,8,August,Q3,Cloud Architect,112,37,8,6,5.36,30,LinkedIn
CNT00318,E02,Tata Consultancy Services,2023,8,August,Q3,Scrum Master,144,57,14,11,7.64,50,Csoftmty Jobs
CNT00319,E02,Tata Consultancy Services,2023,8,August,Q3,Project Manager,16,6,1,0,0.0,45,Glassdoor
CNT00320,E02,Tata Consultancy Services,2023,8,August,Q3,Cybersecurity Analyst,126,54,20,13,10.32,60,OCC Mundial
CNT00321,E02,Tata Consultancy Services,2023,9,September,Q3,Data Analyst,231,64,18,12,5.19,53,Csoftmty Jobs
CNT00322,E02,Tata Consultancy Services,2023,9,September,Q3,Software Developer,234,65,21,14,5.98,44,LinkedIn
CNT00323,E02,Tata Consultancy Services,2023,9,September,Q3,Backend Developer,187,77,29,19,10.16,20,Glassdoor
CNT00324,E02,Tata Consultancy Services,2023,9,September,Q3,Frontend Developer,72,25,9,6,8.33,49,LinkedIn
CNT00325,E02,Tata Consultancy Services,2023,9,September,Q3,Full Stack Developer,160,43,16,9,5.62,20,Referidos
CNT00326,E02,Tata Consultancy Services,2023,9,September,Q3,DevOps Engineer,40,15,3,2,5.0,53,Universidad UANL/ITESM
CNT00327,E02,Tata Consultancy Services,2023,9,September,Q3,Cloud Architect,70,31,8,6,8.57,26,LinkedIn
CNT00328,E02,Tata Consultancy Services,2023,9,September,Q3,Scrum Master,112,46,17,13,11.61,58,LinkedIn
CNT00329,E02,Tata Consultancy Services,2023,9,September,Q3,Project Manager,117,51,16,13,11.11,52,Glassdoor
CNT00330,E02,Tata Consultancy Services,2023,9,September,Q3,Cybersecurity Analyst,133,42,9,6,4.51,30,Glassdoor
CNT00331,E02,Tata Consultancy Services,2023,10,October,Q4,Data Analyst,216,83,17,13,6.02,63,OCC Mundial
CNT00332,E02,Tata Consultancy Services,2023,10,October,Q4,Software Developer,456,144,56,46,10.09,57,Csoftmty Jobs
CNT00333,E02,Tata Consultancy Services,2023,10,October,Q4,Backend Developer,168,53,18,10,5.95,64,Csoftmty Jobs
CNT00334,E02,Tata Consultancy Services,2023,10,October,Q4,Frontend Developer,192,72,28,24,12.5,28,Universidad UANL/ITESM
CNT00335,E02,Tata Consultancy Services,2023,10,October,Q4,Full Stack Developer,182,71,18,13,7.14,47,Universidad UANL/ITESM
CNT00336,E02,Tata Consultancy Services,2023,10,October,Q4,DevOps Engineer,228,83,21,14,6.14,56,LinkedIn
CNT00337,E02,Tata Consultancy Services,2023,10,October,Q4,Cloud Architect,60,23,6,5,8.33,43,Referidos
CNT00338,E02,Tata Consultancy Services,2023,10,October,Q4,Scrum Master,110,47,13,8,7.27,38,Referidos
CNT00339,E02,Tata Consultancy Services,2023,10,October,Q4,Project Manager,95,24,5,3,3.16,26,OCC Mundial
CNT00340,E02,Tata Consultancy Services,2023,10,October,Q4,Cybersecurity Analyst,120,39,9,7,5.83,36,LinkedIn
CNT00341,E02,Tata Consultancy Services,2023,11,November,Q4,Data Analyst,209,64,24,17,8.13,49,Referidos
CNT00342,E02,Tata Consultancy Services,2023,11,November,Q4,Software Developer,285,118,28,21,7.37,52,LinkedIn
CNT00343,E02,Tata Consultancy Services,2023,11,November,Q4,Backend Developer,204,72,20,16,7.84,45,LinkedIn
CNT00344,E02,Tata Consultancy Services,2023,11,November,Q4,Frontend Developer,247,64,22,16,6.48,22,Glassdoor
CNT00345,E02,Tata Consultancy Services,2023,11,November,Q4,Full Stack Developer,198,84,26,21,10.61,36,OCC Mundial
CNT00346,E02,Tata Consultancy Services,2023,11,November,Q4,DevOps Engineer,78,29,10,8,10.26,59,OCC Mundial
CNT00347,E02,Tata Consultancy Services,2023,11,November,Q4,Cloud Architect,80,30,6,4,5.0,33,Universidad UANL/ITESM
CNT00348,E02,Tata Consultancy Services,2023,11,November,Q4,Scrum Master,60,19,4,3,5.0,42,Glassdoor
CNT00349,E02,Tata Consultancy Services,2023,11,November,Q4,Project Manager,150,42,8,6,4.0,45,OCC Mundial
CNT00350,E02,Tata Consultancy Services,2023,11,November,Q4,Cybersecurity Analyst,198,86,27,16,8.08,41,OCC Mundial
CNT00351,E02,Tata Consultancy Services,2023,12,December,Q4,Data Analyst,168,60,20,16,9.52,47,LinkedIn
CNT00352,E02,Tata Consultancy Services,2023,12,December,Q4,Software Developer,310,107,37,32,10.32,33,LinkedIn
CNT00353,E02,Tata Consultancy Services,2023,12,December,Q4,Backend Developer,342,114,32,28,8.19,26,Referidos
CNT00354,E02,Tata Consultancy Services,2023,12,December,Q4,Frontend Developer,154,56,18,12,7.79,20,Glassdoor
CNT00355,E02,Tata Consultancy Services,2023,12,December,Q4,Full Stack Developer,272,102,34,26,9.56,60,LinkedIn
CNT00356,E02,Tata Consultancy Services,2023,12,December,Q4,DevOps Engineer,72,31,8,5,6.94,25,Glassdoor
CNT00357,E02,Tata Consultancy Services,2023,12,December,Q4,Cloud Architect,60,18,4,2,3.33,64,Referidos
CNT00358,E02,Tata Consultancy Services,2023,12,December,Q4,Scrum Master,48,20,7,5,10.42,43,OCC Mundial
CNT00359,E02,Tata Consultancy Services,2023,12,December,Q4,Project Manager,84,24,5,4,4.76,55,Csoftmty Jobs
CNT00360,E02,Tata Consultancy Services,2023,12,December,Q4,Cybersecurity Analyst,75,19,4,3,4.0,38,Referidos
CNT00361,E02,Tata Consultancy Services,2024,1,January,Q1,Data Analyst,399,150,55,45,11.28,51,Csoftmty Jobs
CNT00362,E02,Tata Consultancy Services,2024,1,January,Q1,Software Developer,253,83,23,20,7.91,63,LinkedIn
CNT00363,E02,Tata Consultancy Services,2024,1,January,Q1,Backend Developer,160,44,14,10,6.25,37,Glassdoor
CNT00364,E02,Tata Consultancy Services,2024,1,January,Q1,Frontend Developer,182,60,19,11,6.04,46,OCC Mundial
CNT00365,E02,Tata Consultancy Services,2024,1,January,Q1,Full Stack Developer,128,36,12,8,6.25,27,LinkedIn
CNT00366,E02,Tata Consultancy Services,2024,1,January,Q1,DevOps Engineer,112,43,9,5,4.46,33,LinkedIn
CNT00367,E02,Tata Consultancy Services,2024,1,January,Q1,Cloud Architect,84,31,7,5,5.95,20,LinkedIn
CNT00368,E02,Tata Consultancy Services,2024,1,January,Q1,Scrum Master,156,61,22,15,9.62,61,Csoftmty Jobs
CNT00369,E02,Tata Consultancy Services,2024,1,January,Q1,Project Manager,117,48,15,11,9.4,21,Referidos
CNT00370,E02,Tata Consultancy Services,2024,1,January,Q1,Cybersecurity Analyst,110,39,13,11,10.0,22,Referidos
CNT00371,E02,Tata Consultancy Services,2024,2,February,Q1,Data Analyst,266,110,39,30,11.28,39,LinkedIn
CNT00372,E02,Tata Consultancy Services,2024,2,February,Q1,Software Developer,341,152,33,29,8.5,55,OCC Mundial
CNT00373,E02,Tata Consultancy Services,2024,2,February,Q1,Backend Developer,209,64,19,15,7.18,61,Universidad UANL/ITESM
CNT00374,E02,Tata Consultancy Services,2024,2,February,Q1,Frontend Developer,130,45,17,12,9.23,26,Universidad UANL/ITESM
CNT00375,E02,Tata Consultancy Services,2024,2,February,Q1,Full Stack Developer,176,46,9,7,3.98,20,LinkedIn
CNT00376,E02,Tata Consultancy Services,2024,2,February,Q1,DevOps Engineer,266,87,22,19,7.14,34,Universidad UANL/ITESM
CNT00377,E02,Tata Consultancy Services,2024,2,February,Q1,Cloud Architect,135,42,16,10,7.41,62,Referidos
CNT00378,E02,Tata Consultancy Services,2024,2,February,Q1,Scrum Master,153,53,18,11,7.19,56,Referidos
CNT00379,E02,Tata Consultancy Services,2024,2,February,Q1,Project Manager,112,29,9,7,6.25,32,Csoftmty Jobs
CNT00380,E02,Tata Consultancy Services,2024,2,February,Q1,Cybersecurity Analyst,75,33,11,7,9.33,63,Referidos
CNT00381,E02,Tata Consultancy Services,2024,3,March,Q1,Data Analyst,154,59,23,16,10.39,54,Csoftmty Jobs
CNT00382,E02,Tata Consultancy Services,2024,3,March,Q1,Software Developer,352,117,34,29,8.24,54,Glassdoor
CNT00383,E02,Tata Consultancy Services,2024,3,March,Q1,Backend Developer,224,91,19,14,6.25,51,LinkedIn
CNT00384,E02,Tata Consultancy Services,2024,3,March,Q1,Frontend Developer,168,74,27,23,13.69,31,OCC Mundial
CNT00385,E02,Tata Consultancy Services,2024,3,March,Q1,Full Stack Developer,198,85,23,15,7.58,47,Csoftmty Jobs
CNT00386,E02,Tata Consultancy Services,2024,3,March,Q1,DevOps Engineer,105,27,7,4,3.81,24,Referidos
CNT00387,E02,Tata Consultancy Services,2024,3,March,Q1,Cloud Architect,76,28,6,5,6.58,61,LinkedIn
CNT00388,E02,Tata Consultancy Services,2024,3,March,Q1,Scrum Master,110,29,6,3,2.73,58,Universidad UANL/ITESM
CNT00389,E02,Tata Consultancy Services,2024,3,March,Q1,Project Manager,30,9,2,1,3.33,39,OCC Mundial
CNT00390,E02,Tata Consultancy Services,2024,3,March,Q1,Cybersecurity Analyst,190,72,18,12,6.32,36,OCC Mundial
CNT00391,E02,Tata Consultancy Services,2024,4,April,Q2,Data Analyst,176,55,16,12,6.82,44,Referidos
CNT00392,E02,Tata Consultancy Services,2024,4,April,Q2,Software Developer,648,193,57,40,6.17,29,Universidad UANL/ITESM
CNT00393,E02,Tata Consultancy Services,2024,4,April,Q2,Backend Developer,266,92,31,25,9.4,45,LinkedIn
CNT00394,E02,Tata Consultancy Services,2024,4,April,Q2,Frontend Developer,192,67,15,12,6.25,31,Referidos
CNT00395,E02,Tata Consultancy Services,2024,4,April,Q2,Full Stack Developer,270,121,29,18,6.67,27,LinkedIn
CNT00396,E02,Tata Consultancy Services,2024,4,April,Q2,DevOps Engineer,119,40,10,6,5.04,50,LinkedIn
CNT00397,E02,Tata Consultancy Services,2024,4,April,Q2,Cloud Architect,190,79,21,17,8.95,50,OCC Mundial
CNT00398,E02,Tata Consultancy Services,2024,4,April,Q2,Scrum Master,33,13,5,4,12.12,41,OCC Mundial
CNT00399,E02,Tata Consultancy Services,2024,4,April,Q2,Project Manager,119,43,8,7,5.88,34,LinkedIn
CNT00400,E02,Tata Consultancy Services,2024,4,April,Q2,Cybersecurity Analyst,52,23,7,5,9.62,64,Universidad UANL/ITESM
CNT00401,E02,Tata Consultancy Services,2024,5,May,Q2,Data Analyst,240,93,29,23,9.58,40,LinkedIn
CNT00402,E02,Tata Consultancy Services,2024,5,May,Q2,Software Developer,475,137,47,35,7.37,51,OCC Mundial
CNT00403,E02,Tata Consultancy Services,2024,5,May,Q2,Backend Developer,152,51,16,13,8.55,42,LinkedIn
CNT00404,E02,Tata Consultancy Services,2024,5,May,Q2,Frontend Developer,80,30,6,5,6.25,34,LinkedIn
CNT00405,E02,Tata Consultancy Services,2024,5,May,Q2,Full Stack Developer,80,31,11,8,10.0,53,Glassdoor
CNT00406,E02,Tata Consultancy Services,2024,5,May,Q2,DevOps Engineer,56,21,5,3,5.36,62,LinkedIn
CNT00407,E02,Tata Consultancy Services,2024,5,May,Q2,Cloud Architect,114,40,14,12,10.53,58,Csoftmty Jobs
CNT00408,E02,Tata Consultancy Services,2024,5,May,Q2,Scrum Master,84,30,10,7,8.33,34,Referidos
CNT00409,E02,Tata Consultancy Services,2024,5,May,Q2,Project Manager,42,13,4,3,7.14,24,LinkedIn
CNT00410,E02,Tata Consultancy Services,2024,5,May,Q2,Cybersecurity Analyst,130,46,14,11,8.46,27,LinkedIn
CNT00411,E02,Tata Consultancy Services,2024,6,June,Q2,Data Analyst,230,67,26,20,8.7,49,LinkedIn
CNT00412,E02,Tata Consultancy Services,2024,6,June,Q2,Software Developer,510,205,52,40,7.84,22,Universidad UANL/ITESM
CNT00413,E02,Tata Consultancy Services,2024,6,June,Q2,Backend Developer,368,137,37,29,7.88,22,Csoftmty Jobs
CNT00414,E02,Tata Consultancy Services,2024,6,June,Q2,Frontend Developer,168,52,11,8,4.76,53,Referidos
CNT00415,E02,Tata Consultancy Services,2024,6,June,Q2,Full Stack Developer,91,26,9,7,7.69,60,Referidos
CNT00416,E02,Tata Consultancy Services,2024,6,June,Q2,DevOps Engineer,198,67,21,17,8.59,62,OCC Mundial
CNT00417,E02,Tata Consultancy Services,2024,6,June,Q2,Cloud Architect,144,57,11,7,4.86,47,LinkedIn
CNT00418,E02,Tata Consultancy Services,2024,6,June,Q2,Scrum Master,60,19,3,1,1.67,52,Referidos
CNT00419,E02,Tata Consultancy Services,2024,6,June,Q2,Project Manager,48,15,5,3,6.25,64,LinkedIn
CNT00420,E02,Tata Consultancy Services,2024,6,June,Q2,Cybersecurity Analyst,130,49,16,13,10.0,19,Referidos
CNT00421,E02,Tata Consultancy Services,2024,7,July,Q3,Data Analyst,378,107,26,20,5.29,20,LinkedIn
CNT00422,E02,Tata Consultancy Services,2024,7,July,Q3,Software Developer,220,82,24,19,8.64,62,LinkedIn
CNT00423,E02,Tata Consultancy Services,2024,7,July,Q3,Backend Developer,323,136,51,40,12.38,35,Csoftmty Jobs
CNT00424,E02,Tata Consultancy Services,2024,7,July,Q3,Frontend Developer,110,30,7,5,4.55,36,Referidos
CNT00425,E02,Tata Consultancy Services,2024,7,July,Q3,Full Stack Developer,285,105,22,13,4.56,50,LinkedIn
CNT00426,E02,Tata Consultancy Services,2024,7,July,Q3,DevOps Engineer,80,33,10,8,10.0,54,Glassdoor
CNT00427,E02,Tata Consultancy Services,2024,7,July,Q3,Cloud Architect,133,37,8,6,4.51,53,OCC Mundial
CNT00428,E02,Tata Consultancy Services,2024,7,July,Q3,Scrum Master,30,9,3,2,6.67,56,Universidad UANL/ITESM
CNT00429,E02,Tata Consultancy Services,2024,7,July,Q3,Project Manager,84,30,6,5,5.95,46,Csoftmty Jobs
CNT00430,E02,Tata Consultancy Services,2024,7,July,Q3,Cybersecurity Analyst,140,54,17,10,7.14,37,LinkedIn
CNT00431,E02,Tata Consultancy Services,2024,8,August,Q3,Data Analyst,360,98,30,18,5.0,50,Referidos
CNT00432,E02,Tata Consultancy Services,2024,8,August,Q3,Software Developer,612,235,75,66,10.78,61,Glassdoor
CNT00433,E02,Tata Consultancy Services,2024,8,August,Q3,Backend Developer,450,162,59,46,10.22,44,Glassdoor
CNT00434,E02,Tata Consultancy Services,2024,8,August,Q3,Frontend Developer,110,40,14,10,9.09,20,OCC Mundial
CNT00435,E02,Tata Consultancy Services,2024,8,August,Q3,Full Stack Developer,204,55,20,15,7.35,26,OCC Mundial
CNT00436,E02,Tata Consultancy Services,2024,8,August,Q3,DevOps Engineer,65,23,4,2,3.08,54,OCC Mundial
CNT00437,E02,Tata Consultancy Services,2024,8,August,Q3,Cloud Architect,48,21,7,4,8.33,39,Glassdoor
CNT00438,E02,Tata Consultancy Services,2024,8,August,Q3,Scrum Master,39,12,3,2,5.13,39,Csoftmty Jobs
CNT00439,E02,Tata Consultancy Services,2024,8,August,Q3,Project Manager,54,19,3,1,1.85,24,LinkedIn
CNT00440,E02,Tata Consultancy Services,2024,8,August,Q3,Cybersecurity Analyst,128,52,17,13,10.16,48,LinkedIn
CNT00441,E02,Tata Consultancy Services,2024,9,September,Q3,Data Analyst,210,70,21,15,7.14,33,OCC Mundial
CNT00442,E02,Tata Consultancy Services,2024,9,September,Q3,Software Developer,168,57,18,15,8.93,29,OCC Mundial
CNT00443,E02,Tata Consultancy Services,2024,9,September,Q3,Backend Developer,135,52,20,15,11.11,62,LinkedIn
CNT00444,E02,Tata Consultancy Services,2024,9,September,Q3,Frontend Developer,171,56,16,12,7.02,53,Universidad UANL/ITESM
CNT00445,E02,Tata Consultancy Services,2024,9,September,Q3,Full Stack Developer,196,50,11,8,4.08,50,Glassdoor
CNT00446,E02,Tata Consultancy Services,2024,9,September,Q3,DevOps Engineer,108,28,8,5,4.63,64,Csoftmty Jobs
CNT00447,E02,Tata Consultancy Services,2024,9,September,Q3,Cloud Architect,102,35,13,10,9.8,47,Universidad UANL/ITESM
CNT00448,E02,Tata Consultancy Services,2024,9,September,Q3,Scrum Master,152,57,12,9,5.92,33,LinkedIn
CNT00449,E02,Tata Consultancy Services,2024,9,September,Q3,Project Manager,110,30,7,4,3.64,52,LinkedIn
CNT00450,E02,Tata Consultancy Services,2024,9,September,Q3,Cybersecurity Analyst,44,15,3,1,2.27,23,LinkedIn
CNT00451,E02,Tata Consultancy Services,2024,10,October,Q4,Data Analyst,400,164,49,30,7.5,29,LinkedIn
CNT00452,E02,Tata Consultancy Services,2024,10,October,Q4,Software Developer,532,170,40,29,5.45,45,OCC Mundial
CNT00453,E02,Tata Consultancy Services,2024,10,October,Q4,Backend Developer,256,66,13,10,3.91,44,Glassdoor
CNT00454,E02,Tata Consultancy Services,2024,10,October,Q4,Frontend Developer,105,35,11,7,6.67,33,LinkedIn
CNT00455,E02,Tata Consultancy Services,2024,10,October,Q4,Full Stack Developer,238,74,16,13,5.46,42,Csoftmty Jobs
CNT00456,E02,Tata Consultancy Services,2024,10,October,Q4,DevOps Engineer,136,52,19,12,8.82,36,Universidad UANL/ITESM
CNT00457,E02,Tata Consultancy Services,2024,10,October,Q4,Cloud Architect,65,18,6,4,6.15,22,Universidad UANL/ITESM
CNT00458,E02,Tata Consultancy Services,2024,10,October,Q4,Scrum Master,171,48,11,8,4.68,46,Referidos
CNT00459,E02,Tata Consultancy Services,2024,10,October,Q4,Project Manager,120,41,12,8,6.67,64,Universidad UANL/ITESM
CNT00460,E02,Tata Consultancy Services,2024,10,October,Q4,Cybersecurity Analyst,156,67,25,20,12.82,41,Csoftmty Jobs
CNT00461,E02,Tata Consultancy Services,2024,11,November,Q4,Data Analyst,266,79,30,20,7.52,59,LinkedIn
CNT00462,E02,Tata Consultancy Services,2024,11,November,Q4,Software Developer,522,208,49,36,6.9,61,Csoftmty Jobs
CNT00463,E02,Tata Consultancy Services,2024,11,November,Q4,Backend Developer,288,78,26,19,6.6,30,OCC Mundial
CNT00464,E02,Tata Consultancy Services,2024,11,November,Q4,Frontend Developer,150,59,23,19,12.67,46,Referidos
CNT00465,E02,Tata Consultancy Services,2024,11,November,Q4,Full Stack Developer,160,64,17,13,8.12,38,Glassdoor
CNT00466,E02,Tata Consultancy Services,2024,11,November,Q4,DevOps Engineer,180,77,22,15,8.33,53,Referidos
CNT00467,E02,Tata Consultancy Services,2024,11,November,Q4,Cloud Architect,190,56,14,10,5.26,22,LinkedIn
CNT00468,E02,Tata Consultancy Services,2024,11,November,Q4,Scrum Master,112,31,6,4,3.57,36,Csoftmty Jobs
CNT00469,E02,Tata Consultancy Services,2024,11,November,Q4,Project Manager,80,30,7,5,6.25,28,OCC Mundial
CNT00470,E02,Tata Consultancy Services,2024,11,November,Q4,Cybersecurity Analyst,135,34,12,8,5.93,20,LinkedIn
CNT00471,E02,Tata Consultancy Services,2024,12,December,Q4,Data Analyst,120,39,10,8,6.67,34,OCC Mundial
CNT00472,E02,Tata Consultancy Services,2024,12,December,Q4,Software Developer,448,112,23,14,3.12,31,Referidos
CNT00473,E02,Tata Consultancy Services,2024,12,December,Q4,Backend Developer,216,86,18,12,5.56,42,Referidos
CNT00474,E02,Tata Consultancy Services,2024,12,December,Q4,Frontend Developer,165,44,9,7,4.24,23,LinkedIn
CNT00475,E02,Tata Consultancy Services,2024,12,December,Q4,Full Stack Developer,224,60,17,15,6.7,50,LinkedIn
CNT00476,E02,Tata Consultancy Services,2024,12,December,Q4,DevOps Engineer,198,73,26,23,11.62,59,Csoftmty Jobs
CNT00477,E02,Tata Consultancy Services,2024,12,December,Q4,Cloud Architect,55,19,5,3,5.45,27,OCC Mundial
CNT00478,E02,Tata Consultancy Services,2024,12,December,Q4,Scrum Master,130,39,14,10,7.69,49,Glassdoor
CNT00479,E02,Tata Consultancy Services,2024,12,December,Q4,Project Manager,165,57,22,18,10.91,43,OCC Mundial
CNT00480,E02,Tata Consultancy Services,2024,12,December,Q4,Cybersecurity Analyst,54,23,4,2,3.7,46,LinkedIn
CNT00481,E03,Neoris,2023,1,January,Q1,Data Analyst,152,52,15,10,6.58,44,Glassdoor
CNT00482,E03,Neoris,2023,1,January,Q1,Software Developer,357,152,59,41,11.48,61,LinkedIn
CNT00483,E03,Neoris,2023,1,January,Q1,Backend Developer,180,56,22,16,8.89,38,LinkedIn
CNT00484,E03,Neoris,2023,1,January,Q1,Frontend Developer,84,33,7,5,5.95,41,Glassdoor
CNT00485,E03,Neoris,2023,1,January,Q1,Full Stack Developer,225,61,21,18,8.0,45,Universidad UANL/ITESM
CNT00486,E03,Neoris,2023,1,January,Q1,DevOps Engineer,72,29,10,8,11.11,38,LinkedIn
CNT00487,E03,Neoris,2023,1,January,Q1,Cloud Architect,36,15,3,2,5.56,36,LinkedIn
CNT00488,E03,Neoris,2023,1,January,Q1,Scrum Master,45,11,2,1,2.22,36,Referidos
CNT00489,E03,Neoris,2023,1,January,Q1,Project Manager,48,17,6,5,10.42,39,Glassdoor
CNT00490,E03,Neoris,2023,1,January,Q1,Cybersecurity Analyst,80,31,6,4,5.0,39,OCC Mundial
CNT00491,E03,Neoris,2023,2,February,Q1,Data Analyst,180,70,18,15,8.33,43,Referidos
CNT00492,E03,Neoris,2023,2,February,Q1,Software Developer,405,140,28,22,5.43,44,LinkedIn
CNT00493,E03,Neoris,2023,2,February,Q1,Backend Developer,171,57,21,16,9.36,42,Glassdoor
CNT00494,E03,Neoris,2023,2,February,Q1,Frontend Developer,104,37,12,9,8.65,33,Csoftmty Jobs
CNT00495,E03,Neoris,2023,2,February,Q1,Full Stack Developer,190,55,11,9,4.74,62,LinkedIn
CNT00496,E03,Neoris,2023,2,February,Q1,DevOps Engineer,100,43,14,12,12.0,19,Universidad UANL/ITESM
CNT00497,E03,Neoris,2023,2,February,Q1,Cloud Architect,70,19,6,5,7.14,24,Glassdoor
CNT00498,E03,Neoris,2023,2,February,Q1,Scrum Master,70,19,7,5,7.14,41,LinkedIn
CNT00499,E03,Neoris,2023,2,February,Q1,Project Manager,72,22,4,3,4.17,58,OCC Mundial
CNT00500,E03,Neoris,2023,2,February,Q1,Cybersecurity Analyst,40,16,3,2,5.0,49,LinkedIn
CNT00501,E03,Neoris,2023,3,March,Q1,Data Analyst,247,84,23,15,6.07,20,LinkedIn
CNT00502,E03,Neoris,2023,3,March,Q1,Software Developer,437,142,46,39,8.92,27,Glassdoor
CNT00503,E03,Neoris,2023,3,March,Q1,Backend Developer,247,99,26,17,6.88,33,LinkedIn
CNT00504,E03,Neoris,2023,3,March,Q1,Frontend Developer,143,63,14,11,7.69,38,LinkedIn
CNT00505,E03,Neoris,2023,3,March,Q1,Full Stack Developer,216,54,19,15,6.94,52,Referidos
CNT00506,E03,Neoris,2023,3,March,Q1,DevOps Engineer,128,44,10,8,6.25,36,OCC Mundial
CNT00507,E03,Neoris,2023,3,March,Q1,Cloud Architect,60,25,9,7,11.67,21,Csoftmty Jobs
CNT00508,E03,Neoris,2023,3,March,Q1,Scrum Master,63,22,5,3,4.76,60,Referidos
CNT00509,E03,Neoris,2023,3,March,Q1,Project Manager,133,48,17,12,9.02,18,LinkedIn
CNT00510,E03,Neoris,2023,3,March,Q1,Cybersecurity Analyst,45,13,5,3,6.67,61,Referidos
CNT00511,E03,Neoris,2023,4,April,Q2,Data Analyst,168,57,20,13,7.74,33,OCC Mundial
CNT00512,E03,Neoris,2023,4,April,Q2,Software Developer,378,169,59,43,11.38,64,LinkedIn
CNT00513,E03,Neoris,2023,4,April,Q2,Backend Developer,165,43,8,6,3.64,64,OCC Mundial
CNT00514,E03,Neoris,2023,4,April,Q2,Frontend Developer,72,18,5,3,4.17,45,Referidos
CNT00515,E03,Neoris,2023,4,April,Q2,Full Stack Developer,108,29,11,7,6.48,38,LinkedIn
CNT00516,E03,Neoris,2023,4,April,Q2,DevOps Engineer,143,47,11,9,6.29,37,OCC Mundial
CNT00517,E03,Neoris,2023,4,April,Q2,Cloud Architect,44,11,2,1,2.27,60,Glassdoor
CNT00518,E03,Neoris,2023,4,April,Q2,Scrum Master,50,18,5,3,6.0,20,LinkedIn
CNT00519,E03,Neoris,2023,4,April,Q2,Project Manager,28,7,2,1,3.57,50,LinkedIn
CNT00520,E03,Neoris,2023,4,April,Q2,Cybersecurity Analyst,80,30,9,7,8.75,31,OCC Mundial
CNT00521,E03,Neoris,2023,5,May,Q2,Data Analyst,154,39,10,8,5.19,41,Glassdoor
CNT00522,E03,Neoris,2023,5,May,Q2,Software Developer,300,83,16,12,4.0,43,Glassdoor
CNT00523,E03,Neoris,2023,5,May,Q2,Backend Developer,72,24,6,5,6.94,51,OCC Mundial
CNT00524,E03,Neoris,2023,5,May,Q2,Frontend Developer,132,55,17,14,10.61,19,Referidos
CNT00525,E03,Neoris,2023,5,May,Q2,Full Stack Developer,100,32,6,4,4.0,44,OCC Mundial
CNT00526,E03,Neoris,2023,5,May,Q2,DevOps Engineer,150,49,18,11,7.33,21,LinkedIn
CNT00527,E03,Neoris,2023,5,May,Q2,Cloud Architect,55,20,4,3,5.45,34,OCC Mundial
CNT00528,E03,Neoris,2023,5,May,Q2,Scrum Master,30,12,4,3,10.0,63,LinkedIn
CNT00529,E03,Neoris,2023,5,May,Q2,Project Manager,36,10,2,1,2.78,36,Glassdoor
CNT00530,E03,Neoris,2023,5,May,Q2,Cybersecurity Analyst,72,30,8,5,6.94,20,LinkedIn
CNT00531,E03,Neoris,2023,6,June,Q2,Data Analyst,81,28,10,6,7.41,26,Universidad UANL/ITESM
CNT00532,E03,Neoris,2023,6,June,Q2,Software Developer,408,119,34,30,7.35,34,OCC Mundial
CNT00533,E03,Neoris,2023,6,June,Q2,Backend Developer,110,46,10,8,7.27,60,LinkedIn
CNT00534,E03,Neoris,2023,6,June,Q2,Frontend Developer,110,29,8,5,4.55,35,LinkedIn
CNT00535,E03,Neoris,2023,6,June,Q2,Full Stack Developer,152,56,15,12,7.89,20,LinkedIn
CNT00536,E03,Neoris,2023,6,June,Q2,DevOps Engineer,72,30,6,5,6.94,48,Csoftmty Jobs
CNT00537,E03,Neoris,2023,6,June,Q2,Cloud Architect,60,20,6,4,6.67,51,Referidos
CNT00538,E03,Neoris,2023,6,June,Q2,Scrum Master,90,39,12,10,11.11,47,Glassdoor
CNT00539,E03,Neoris,2023,6,June,Q2,Project Manager,72,22,7,5,6.94,51,OCC Mundial
CNT00540,E03,Neoris,2023,6,June,Q2,Cybersecurity Analyst,70,29,10,8,11.43,53,LinkedIn
CNT00541,E03,Neoris,2023,7,July,Q3,Data Analyst,130,53,19,12,9.23,19,LinkedIn
CNT00542,E03,Neoris,2023,7,July,Q3,Software Developer,128,49,12,7,5.47,33,LinkedIn
CNT00543,E03,Neoris,2023,7,July,Q3,Backend Developer,216,58,13,9,4.17,46,Csoftmty Jobs
CNT00544,E03,Neoris,2023,7,July,Q3,Frontend Developer,96,36,11,9,9.38,41,Referidos
CNT00545,E03,Neoris,2023,7,July,Q3,Full Stack Developer,132,37,11,9,6.82,50,Universidad UANL/ITESM
CNT00546,E03,Neoris,2023,7,July,Q3,DevOps Engineer,50,18,4,2,4.0,41,Glassdoor
CNT00547,E03,Neoris,2023,7,July,Q3,Cloud Architect,45,13,2,1,2.22,57,LinkedIn
CNT00548,E03,Neoris,2023,7,July,Q3,Scrum Master,96,38,9,8,8.33,47,Glassdoor
CNT00549,E03,Neoris,2023,7,July,Q3,Project Manager,51,16,3,2,3.92,52,OCC Mundial
CNT00550,E03,Neoris,2023,7,July,Q3,Cybersecurity Analyst,72,23,6,4,5.56,42,LinkedIn
CNT00551,E03,Neoris,2023,8,August,Q3,Data Analyst,112,34,11,9,8.04,61,Referidos
CNT00552,E03,Neoris,2023,8,August,Q3,Software Developer,240,70,26,15,6.25,51,LinkedIn
CNT00553,E03,Neoris,2023,8,August,Q3,Backend Developer,154,65,22,16,10.39,61,OCC Mundial
CNT00554,E03,Neoris,2023,8,August,Q3,Frontend Developer,160,56,19,16,10.0,21,Universidad UANL/ITESM
CNT00555,E03,Neoris,2023,8,August,Q3,Full Stack Developer,80,32,11,7,8.75,59,LinkedIn
CNT00556,E03,Neoris,2023,8,August,Q3,DevOps Engineer,126,35,9,6,4.76,59,Referidos
CNT00557,E03,Neoris,2023,8,August,Q3,Cloud Architect,30,8,3,2,6.67,26,Universidad UANL/ITESM
CNT00558,E03,Neoris,2023,8,August,Q3,Scrum Master,152,61,21,18,11.84,58,LinkedIn
CNT00559,E03,Neoris,2023,8,August,Q3,Project Manager,72,22,6,4,5.56,62,LinkedIn
CNT00560,E03,Neoris,2023,8,August,Q3,Cybersecurity Analyst,88,27,6,5,5.68,23,Universidad UANL/ITESM
CNT00561,E03,Neoris,2023,9,September,Q3,Data Analyst,108,29,8,4,3.7,27,Glassdoor
CNT00562,E03,Neoris,2023,9,September,Q3,Software Developer,266,100,34,29,10.9,30,Referidos
CNT00563,E03,Neoris,2023,9,September,Q3,Backend Developer,285,71,18,16,5.61,41,Csoftmty Jobs
CNT00564,E03,Neoris,2023,9,September,Q3,Frontend Developer,80,30,8,6,7.5,51,LinkedIn
CNT00565,E03,Neoris,2023,9,September,Q3,Full Stack Developer,272,99,28,16,5.88,35,LinkedIn
CNT00566,E03,Neoris,2023,9,September,Q3,DevOps Engineer,120,49,14,10,8.33,23,OCC Mundial
CNT00567,E03,Neoris,2023,9,September,Q3,Cloud Architect,18,6,1,0,0.0,64,LinkedIn
CNT00568,E03,Neoris,2023,9,September,Q3,Scrum Master,108,32,12,8,7.41,35,Csoftmty Jobs
CNT00569,E03,Neoris,2023,9,September,Q3,Project Manager,84,29,6,4,4.76,52,Glassdoor
CNT00570,E03,Neoris,2023,9,September,Q3,Cybersecurity Analyst,98,26,6,4,4.08,41,Glassdoor
CNT00571,E03,Neoris,2023,10,October,Q4,Data Analyst,273,71,17,11,4.03,22,LinkedIn
CNT00572,E03,Neoris,2023,10,October,Q4,Software Developer,540,171,42,31,5.74,36,LinkedIn
CNT00573,E03,Neoris,2023,10,October,Q4,Backend Developer,135,42,13,10,7.41,30,LinkedIn
CNT00574,E03,Neoris,2023,10,October,Q4,Frontend Developer,96,30,9,6,6.25,41,OCC Mundial
CNT00575,E03,Neoris,2023,10,October,Q4,Full Stack Developer,120,40,15,12,10.0,26,Glassdoor
CNT00576,E03,Neoris,2023,10,October,Q4,DevOps Engineer,57,21,6,5,8.77,18,OCC Mundial
CNT00577,E03,Neoris,2023,10,October,Q4,Cloud Architect,64,19,6,5,7.81,56,LinkedIn
CNT00578,E03,Neoris,2023,10,October,Q4,Scrum Master,72,21,4,2,2.78,55,Universidad UANL/ITESM
CNT00579,E03,Neoris,2023,10,October,Q4,Project Manager,44,16,5,4,9.09,56,Referidos
CNT00580,E03,Neoris,2023,10,October,Q4,Cybersecurity Analyst,152,63,19,15,9.87,33,LinkedIn
CNT00581,E03,Neoris,2023,11,November,Q4,Data Analyst,170,73,17,14,8.24,59,LinkedIn
CNT00582,E03,Neoris,2023,11,November,Q4,Software Developer,342,90,24,17,4.97,18,Glassdoor
CNT00583,E03,Neoris,2023,11,November,Q4,Backend Developer,176,63,14,11,6.25,60,LinkedIn
CNT00584,E03,Neoris,2023,11,November,Q4,Frontend Developer,90,38,8,6,6.67,27,LinkedIn
CNT00585,E03,Neoris,2023,11,November,Q4,Full Stack Developer,130,39,13,10,7.69,49,OCC Mundial
CNT00586,E03,Neoris,2023,11,November,Q4,DevOps Engineer,136,48,12,7,5.15,34,LinkedIn
CNT00587,E03,Neoris,2023,11,November,Q4,Cloud Architect,81,27,6,4,4.94,48,OCC Mundial
CNT00588,E03,Neoris,2023,11,November,Q4,Scrum Master,162,57,22,14,8.64,31,LinkedIn
CNT00589,E03,Neoris,2023,11,November,Q4,Project Manager,152,52,10,7,4.61,64,OCC Mundial
CNT00590,E03,Neoris,2023,11,November,Q4,Cybersecurity Analyst,130,52,15,10,7.69,34,OCC Mundial
CNT00591,E03,Neoris,2023,12,December,Q4,Data Analyst,209,83,27,21,10.05,56,Referidos
CNT00592,E03,Neoris,2023,12,December,Q4,Software Developer,361,107,35,31,8.59,64,OCC Mundial
CNT00593,E03,Neoris,2023,12,December,Q4,Backend Developer,209,91,33,25,11.96,29,Csoftmty Jobs
CNT00594,E03,Neoris,2023,12,December,Q4,Frontend Developer,99,40,11,8,8.08,50,Referidos
CNT00595,E03,Neoris,2023,12,December,Q4,Full Stack Developer,128,52,10,7,5.47,62,Referidos
CNT00596,E03,Neoris,2023,12,December,Q4,DevOps Engineer,88,27,8,6,6.82,57,LinkedIn
CNT00597,E03,Neoris,2023,12,December,Q4,Cloud Architect,85,30,6,3,3.53,49,Referidos
CNT00598,E03,Neoris,2023,12,December,Q4,Scrum Master,40,12,2,1,2.5,28,Glassdoor
CNT00599,E03,Neoris,2023,12,December,Q4,Project Manager,72,31,9,5,6.94,34,Referidos
CNT00600,E03,Neoris,2023,12,December,Q4,Cybersecurity Analyst,72,18,6,3,4.17,21,Glassdoor
CNT00601,E03,Neoris,2024,1,January,Q1,Data Analyst,216,96,25,20,9.26,28,LinkedIn
CNT00602,E03,Neoris,2024,1,January,Q1,Software Developer,306,102,21,15,4.9,22,Referidos
CNT00603,E03,Neoris,2024,1,January,Q1,Backend Developer,80,26,8,6,7.5,18,Csoftmty Jobs
CNT00604,E03,Neoris,2024,1,January,Q1,Frontend Developer,72,18,6,3,4.17,21,OCC Mundial
CNT00605,E03,Neoris,2024,1,January,Q1,Full Stack Developer,132,50,14,8,6.06,63,Referidos
CNT00606,E03,Neoris,2024,1,January,Q1,DevOps Engineer,117,47,9,5,4.27,51,Referidos
CNT00607,E03,Neoris,2024,1,January,Q1,Cloud Architect,91,39,8,5,5.49,34,LinkedIn
CNT00608,E03,Neoris,2024,1,January,Q1,Scrum Master,70,25,6,3,4.29,60,OCC Mundial
CNT00609,E03,Neoris,2024,1,January,Q1,Project Manager,32,10,2,1,3.12,23,OCC Mundial
CNT00610,E03,Neoris,2024,1,January,Q1,Cybersecurity Analyst,114,48,17,13,11.4,56,Referidos
CNT00611,E03,Neoris,2024,2,February,Q1,Data Analyst,91,33,7,6,6.59,57,OCC Mundial
CNT00612,E03,Neoris,2024,2,February,Q1,Software Developer,171,46,15,10,5.85,59,Universidad UANL/ITESM
CNT00613,E03,Neoris,2024,2,February,Q1,Backend Developer,187,53,15,9,4.81,32,Referidos
CNT00614,E03,Neoris,2024,2,February,Q1,Frontend Developer,132,58,21,13,9.85,35,Referidos
CNT00615,E03,Neoris,2024,2,February,Q1,Full Stack Developer,221,90,26,17,7.69,23,Referidos
CNT00616,E03,Neoris,2024,2,February,Q1,DevOps Engineer,98,39,9,6,6.12,18,Glassdoor
CNT00617,E03,Neoris,2024,2,February,Q1,Cloud Architect,119,48,18,11,9.24,58,OCC Mundial
CNT00618,E03,Neoris,2024,2,February,Q1,Scrum Master,51,15,4,3,5.88,39,Universidad UANL/ITESM
CNT00619,E03,Neoris,2024,2,February,Q1,Project Manager,76,23,4,3,3.95,19,LinkedIn
CNT00620,E03,Neoris,2024,2,February,Q1,Cybersecurity Analyst,72,22,5,4,5.56,53,Referidos
CNT00621,E03,Neoris,2024,3,March,Q1,Data Analyst,108,36,13,8,7.41,58,Glassdoor
CNT00622,E03,Neoris,2024,3,March,Q1,Software Developer,338,95,23,20,5.92,37,LinkedIn
CNT00623,E03,Neoris,2024,3,March,Q1,Backend Developer,272,104,36,30,11.03,21,OCC Mundial
CNT00624,E03,Neoris,2024,3,March,Q1,Frontend Developer,72,31,7,6,8.33,62,LinkedIn
CNT00625,E03,Neoris,2024,3,March,Q1,Full Stack Developer,266,92,28,17,6.39,59,OCC Mundial
CNT00626,E03,Neoris,2024,3,March,Q1,DevOps Engineer,162,51,18,11,6.79,42,LinkedIn
CNT00627,E03,Neoris,2024,3,March,Q1,Cloud Architect,16,5,1,0,0.0,63,Csoftmty Jobs
CNT00628,E03,Neoris,2024,3,March,Q1,Scrum Master,26,7,2,1,3.85,34,Referidos
CNT00629,E03,Neoris,2024,3,March,Q1,Project Manager,44,17,4,3,6.82,34,OCC Mundial
CNT00630,E03,Neoris,2024,3,March,Q1,Cybersecurity Analyst,120,52,18,14,11.67,56,Referidos
CNT00631,E03,Neoris,2024,4,April,Q2,Data Analyst,169,47,12,9,5.33,19,LinkedIn
CNT00632,E03,Neoris,2024,4,April,Q2,Software Developer,187,61,14,8,4.28,18,LinkedIn
CNT00633,E03,Neoris,2024,4,April,Q2,Backend Developer,140,40,9,6,4.29,62,LinkedIn
CNT00634,E03,Neoris,2024,4,April,Q2,Frontend Developer,102,26,7,4,3.92,49,OCC Mundial
CNT00635,E03,Neoris,2024,4,April,Q2,Full Stack Developer,162,46,10,6,3.7,50,OCC Mundial
CNT00636,E03,Neoris,2024,4,April,Q2,DevOps Engineer,50,17,4,3,6.0,52,OCC Mundial
CNT00637,E03,Neoris,2024,4,April,Q2,Cloud Architect,66,21,5,3,4.55,49,Glassdoor
CNT00638,E03,Neoris,2024,4,April,Q2,Scrum Master,64,17,4,2,3.12,39,OCC Mundial
CNT00639,E03,Neoris,2024,4,April,Q2,Project Manager,56,17,5,4,7.14,36,Referidos
CNT00640,E03,Neoris,2024,4,April,Q2,Cybersecurity Analyst,102,37,12,8,7.84,26,Glassdoor
CNT00641,E03,Neoris,2024,5,May,Q2,Data Analyst,228,71,23,14,6.14,22,OCC Mundial
CNT00642,E03,Neoris,2024,5,May,Q2,Software Developer,176,71,20,14,7.95,53,Glassdoor
CNT00643,E03,Neoris,2024,5,May,Q2,Backend Developer,255,73,15,13,5.1,51,Referidos
CNT00644,E03,Neoris,2024,5,May,Q2,Frontend Developer,150,64,20,13,8.67,35,OCC Mundial
CNT00645,E03,Neoris,2024,5,May,Q2,Full Stack Developer,40,17,4,2,5.0,51,LinkedIn
CNT00646,E03,Neoris,2024,5,May,Q2,DevOps Engineer,64,17,4,3,4.69,57,Glassdoor
CNT00647,E03,Neoris,2024,5,May,Q2,Cloud Architect,56,21,5,3,5.36,26,Csoftmty Jobs
CNT00648,E03,Neoris,2024,5,May,Q2,Scrum Master,70,26,5,4,5.71,42,LinkedIn
CNT00649,E03,Neoris,2024,5,May,Q2,Project Manager,132,37,14,8,6.06,42,Glassdoor
CNT00650,E03,Neoris,2024,5,May,Q2,Cybersecurity Analyst,156,62,13,11,7.05,24,LinkedIn
CNT00651,E03,Neoris,2024,6,June,Q2,Data Analyst,170,63,24,20,11.76,36,Glassdoor
CNT00652,E03,Neoris,2024,6,June,Q2,Software Developer,252,88,24,21,8.33,61,Referidos
CNT00653,E03,Neoris,2024,6,June,Q2,Backend Developer,182,54,12,7,3.85,41,LinkedIn
CNT00654,E03,Neoris,2024,6,June,Q2,Frontend Developer,40,16,5,4,10.0,32,Referidos
CNT00655,E03,Neoris,2024,6,June,Q2,Full Stack Developer,198,61,21,15,7.58,21,LinkedIn
CNT00656,E03,Neoris,2024,6,June,Q2,DevOps Engineer,91,38,9,7,7.69,57,Csoftmty Jobs
CNT00657,E03,Neoris,2024,6,June,Q2,Cloud Architect,32,9,2,1,3.12,29,OCC Mundial
CNT00658,E03,Neoris,2024,6,June,Q2,Scrum Master,75,20,5,4,5.33,35,OCC Mundial
CNT00659,E03,Neoris,2024,6,June,Q2,Project Manager,130,53,10,7,5.38,37,OCC Mundial
CNT00660,E03,Neoris,2024,6,June,Q2,Cybersecurity Analyst,50,20,7,5,10.0,53,Referidos
CNT00661,E03,Neoris,2024,7,July,Q3,Data Analyst,136,57,20,14,10.29,50,Referidos
CNT00662,E03,Neoris,2024,7,July,Q3,Software Developer,319,96,24,15,4.7,35,Referidos
CNT00663,E03,Neoris,2024,7,July,Q3,Backend Developer,104,27,9,6,5.77,56,LinkedIn
CNT00664,E03,Neoris,2024,7,July,Q3,Frontend Developer,48,17,6,4,8.33,60,LinkedIn
CNT00665,E03,Neoris,2024,7,July,Q3,Full Stack Developer,104,31,7,5,4.81,21,Universidad UANL/ITESM
CNT00666,E03,Neoris,2024,7,July,Q3,DevOps Engineer,81,32,7,4,4.94,47,LinkedIn
CNT00667,E03,Neoris,2024,7,July,Q3,Cloud Architect,45,13,4,2,4.44,46,Referidos
CNT00668,E03,Neoris,2024,7,July,Q3,Scrum Master,95,27,6,5,5.26,50,OCC Mundial
CNT00669,E03,Neoris,2024,7,July,Q3,Project Manager,119,44,10,6,5.04,29,LinkedIn
CNT00670,E03,Neoris,2024,7,July,Q3,Cybersecurity Analyst,22,9,2,1,4.55,33,Csoftmty Jobs
CNT00671,E03,Neoris,2024,8,August,Q3,Data Analyst,196,74,27,21,10.71,39,Glassdoor
CNT00672,E03,Neoris,2024,8,August,Q3,Software Developer,324,134,29,18,5.56,56,LinkedIn
CNT00673,E03,Neoris,2024,8,August,Q3,Backend Developer,286,73,22,18,6.29,22,LinkedIn
CNT00674,E03,Neoris,2024,8,August,Q3,Frontend Developer,70,27,8,4,5.71,53,LinkedIn
CNT00675,E03,Neoris,2024,8,August,Q3,Full Stack Developer,140,55,20,17,12.14,40,Referidos
CNT00676,E03,Neoris,2024,8,August,Q3,DevOps Engineer,81,27,8,6,7.41,34,Referidos
CNT00677,E03,Neoris,2024,8,August,Q3,Cloud Architect,96,30,8,4,4.17,20,Referidos
CNT00678,E03,Neoris,2024,8,August,Q3,Scrum Master,128,39,9,5,3.91,24,Glassdoor
CNT00679,E03,Neoris,2024,8,August,Q3,Project Manager,140,43,9,7,5.0,23,OCC Mundial
CNT00680,E03,Neoris,2024,8,August,Q3,Cybersecurity Analyst,90,25,6,4,4.44,41,LinkedIn
CNT00681,E03,Neoris,2024,9,September,Q3,Data Analyst,196,55,18,12,6.12,55,Universidad UANL/ITESM
CNT00682,E03,Neoris,2024,9,September,Q3,Software Developer,91,36,10,7,7.69,55,Csoftmty Jobs
CNT00683,E03,Neoris,2024,9,September,Q3,Backend Developer,255,99,20,14,5.49,45,Referidos
CNT00684,E03,Neoris,2024,9,September,Q3,Frontend Developer,108,41,11,8,7.41,18,Csoftmty Jobs
CNT00685,E03,Neoris,2024,9,September,Q3,Full Stack Developer,140,41,14,9,6.43,28,LinkedIn
CNT00686,E03,Neoris,2024,9,September,Q3,DevOps Engineer,66,22,6,5,7.58,23,LinkedIn
CNT00687,E03,Neoris,2024,9,September,Q3,Cloud Architect,56,17,6,3,5.36,63,LinkedIn
CNT00688,E03,Neoris,2024,9,September,Q3,Scrum Master,117,38,7,5,4.27,28,Referidos
CNT00689,E03,Neoris,2024,9,September,Q3,Project Manager,112,32,11,7,6.25,24,OCC Mundial
CNT00690,E03,Neoris,2024,9,September,Q3,Cybersecurity Analyst,144,45,13,9,6.25,33,OCC Mundial
CNT00691,E03,Neoris,2024,10,October,Q4,Data Analyst,64,18,6,4,6.25,40,Referidos
CNT00692,E03,Neoris,2024,10,October,Q4,Software Developer,225,93,35,23,10.22,31,LinkedIn
CNT00693,E03,Neoris,2024,10,October,Q4,Backend Developer,255,68,26,20,7.84,24,LinkedIn
CNT00694,E03,Neoris,2024,10,October,Q4,Frontend Developer,63,16,5,3,4.76,21,OCC Mundial
CNT00695,E03,Neoris,2024,10,October,Q4,Full Stack Developer,98,34,10,7,7.14,35,LinkedIn
CNT00696,E03,Neoris,2024,10,October,Q4,DevOps Engineer,133,54,14,12,9.02,42,Glassdoor
CNT00697,E03,Neoris,2024,10,October,Q4,Cloud Architect,42,14,4,2,4.76,52,LinkedIn
CNT00698,E03,Neoris,2024,10,October,Q4,Scrum Master,114,38,14,11,9.65,18,LinkedIn
CNT00699,E03,Neoris,2024,10,October,Q4,Project Manager,30,9,1,0,0.0,45,OCC Mundial
CNT00700,E03,Neoris,2024,10,October,Q4,Cybersecurity Analyst,96,41,11,7,7.29,28,Referidos
CNT00701,E03,Neoris,2024,11,November,Q4,Data Analyst,96,36,9,7,7.29,54,Referidos
CNT00702,E03,Neoris,2024,11,November,Q4,Software Developer,180,60,23,19,10.56,59,LinkedIn
CNT00703,E03,Neoris,2024,11,November,Q4,Backend Developer,209,62,19,14,6.7,39,Csoftmty Jobs
CNT00704,E03,Neoris,2024,11,November,Q4,Frontend Developer,105,30,9,5,4.76,45,Glassdoor
CNT00705,E03,Neoris,2024,11,November,Q4,Full Stack Developer,204,57,15,10,4.9,45,Csoftmty Jobs
CNT00706,E03,Neoris,2024,11,November,Q4,DevOps Engineer,120,44,16,10,8.33,57,Referidos
CNT00707,E03,Neoris,2024,11,November,Q4,Cloud Architect,27,9,2,1,3.7,29,Glassdoor
CNT00708,E03,Neoris,2024,11,November,Q4,Scrum Master,40,15,5,3,7.5,32,OCC Mundial
CNT00709,E03,Neoris,2024,11,November,Q4,Project Manager,40,14,5,4,10.0,55,Universidad UANL/ITESM
CNT00710,E03,Neoris,2024,11,November,Q4,Cybersecurity Analyst,22,8,2,1,4.55,57,Referidos
CNT00711,E03,Neoris,2024,12,December,Q4,Data Analyst,99,33,8,4,4.04,46,LinkedIn
CNT00712,E03,Neoris,2024,12,December,Q4,Software Developer,169,69,21,17,10.06,41,LinkedIn
CNT00713,E03,Neoris,2024,12,December,Q4,Backend Developer,196,83,20,15,7.65,32,LinkedIn
CNT00714,E03,Neoris,2024,12,December,Q4,Frontend Developer,153,62,23,15,9.8,55,OCC Mundial
CNT00715,E03,Neoris,2024,12,December,Q4,Full Stack Developer,72,21,7,6,8.33,57,OCC Mundial
CNT00716,E03,Neoris,2024,12,December,Q4,DevOps Engineer,152,54,19,13,8.55,29,Referidos
CNT00717,E03,Neoris,2024,12,December,Q4,Cloud Architect,54,20,6,5,9.26,37,Csoftmty Jobs
CNT00718,E03,Neoris,2024,12,December,Q4,Scrum Master,24,6,1,0,0.0,26,Referidos
CNT00719,E03,Neoris,2024,12,December,Q4,Project Manager,40,14,5,4,10.0,24,LinkedIn
CNT00720,E03,Neoris,2024,12,December,Q4,Cybersecurity Analyst,84,32,11,7,8.33,28,Referidos
CNT00721,E04,Infosys Monterrey,2023,1,January,Q1,Data Analyst,96,36,11,9,9.38,35,Universidad UANL/ITESM
CNT00722,E04,Infosys Monterrey,2023,1,January,Q1,Software Developer,96,31,6,5,5.21,61,OCC Mundial
CNT00723,E04,Infosys Monterrey,2023,1,January,Q1,Backend Developer,156,59,15,10,6.41,55,Referidos
CNT00724,E04,Infosys Monterrey,2023,1,January,Q1,Frontend Developer,84,26,10,6,7.14,21,OCC Mundial
CNT00725,E04,Infosys Monterrey,2023,1,January,Q1,Full Stack Developer,135,38,7,4,2.96,22,Glassdoor
CNT00726,E04,Infosys Monterrey,2023,1,January,Q1,DevOps Engineer,78,34,9,5,6.41,47,Referidos
CNT00727,E04,Infosys Monterrey,2023,1,January,Q1,Cloud Architect,72,18,5,3,4.17,52,LinkedIn
CNT00728,E04,Infosys Monterrey,2023,1,January,Q1,Scrum Master,64,24,9,6,9.38,28,LinkedIn
CNT00729,E04,Infosys Monterrey,2023,1,January,Q1,Project Manager,34,9,2,1,2.94,22,Referidos
CNT00730,E04,Infosys Monterrey,2023,1,January,Q1,Cybersecurity Analyst,96,40,11,7,7.29,43,Referidos
CNT00731,E04,Infosys Monterrey,2023,2,February,Q1,Data Analyst,154,65,17,10,6.49,40,Glassdoor
CNT00732,E04,Infosys Monterrey,2023,2,February,Q1,Software Developer,285,96,22,17,5.96,49,OCC Mundial
CNT00733,E04,Infosys Monterrey,2023,2,February,Q1,Backend Developer,198,83,18,15,7.58,57,OCC Mundial
CNT00734,E04,Infosys Monterrey,2023,2,February,Q1,Frontend Developer,102,28,9,7,6.86,62,OCC Mundial
CNT00735,E04,Infosys Monterrey,2023,2,February,Q1,Full Stack Developer,72,20,6,4,5.56,38,OCC Mundial
CNT00736,E04,Infosys Monterrey,2023,2,February,Q1,DevOps Engineer,144,47,10,7,4.86,38,LinkedIn
CNT00737,E04,Infosys Monterrey,2023,2,February,Q1,Cloud Architect,32,10,3,2,6.25,22,OCC Mundial
CNT00738,E04,Infosys Monterrey,2023,2,February,Q1,Scrum Master,95,42,14,9,9.47,58,OCC Mundial
CNT00739,E04,Infosys Monterrey,2023,2,February,Q1,Project Manager,50,18,4,2,4.0,26,LinkedIn
CNT00740,E04,Infosys Monterrey,2023,2,February,Q1,Cybersecurity Analyst,128,43,12,7,5.47,42,Csoftmty Jobs
CNT00741,E04,Infosys Monterrey,2023,3,March,Q1,Data Analyst,126,47,14,10,7.94,25,OCC Mundial
CNT00742,E04,Infosys Monterrey,2023,3,March,Q1,Software Developer,456,152,50,36,7.89,18,OCC Mundial
CNT00743,E04,Infosys Monterrey,2023,3,March,Q1,Backend Developer,198,63,16,12,6.06,33,Referidos
CNT00744,E04,Infosys Monterrey,2023,3,March,Q1,Frontend Developer,180,67,16,14,7.78,41,Referidos
CNT00745,E04,Infosys Monterrey,2023,3,March,Q1,Full Stack Developer,80,21,7,5,6.25,35,OCC Mundial
CNT00746,E04,Infosys Monterrey,2023,3,March,Q1,DevOps Engineer,36,10,2,1,2.78,30,Referidos
CNT00747,E04,Infosys Monterrey,2023,3,March,Q1,Cloud Architect,44,15,5,3,6.82,49,LinkedIn
CNT00748,E04,Infosys Monterrey,2023,3,March,Q1,Scrum Master,90,27,9,6,6.67,45,Csoftmty Jobs
CNT00749,E04,Infosys Monterrey,2023,3,March,Q1,Project Manager,22,9,2,1,4.55,38,Glassdoor
CNT00750,E04,Infosys Monterrey,2023,3,March,Q1,Cybersecurity Analyst,88,31,9,7,7.95,49,LinkedIn
CNT00751,E04,Infosys Monterrey,2023,4,April,Q2,Data Analyst,117,37,12,8,6.84,35,OCC Mundial
CNT00752,E04,Infosys Monterrey,2023,4,April,Q2,Software Developer,270,90,34,26,9.63,18,Referidos
CNT00753,E04,Infosys Monterrey,2023,4,April,Q2,Backend Developer,140,53,20,15,10.71,36,Referidos
CNT00754,E04,Infosys Monterrey,2023,4,April,Q2,Frontend Developer,105,35,12,9,8.57,18,LinkedIn
CNT00755,E04,Infosys Monterrey,2023,4,April,Q2,Full Stack Developer,70,21,7,5,7.14,60,LinkedIn
CNT00756,E04,Infosys Monterrey,2023,4,April,Q2,DevOps Engineer,108,44,12,9,8.33,33,Referidos
CNT00757,E04,Infosys Monterrey,2023,4,April,Q2,Cloud Architect,114,43,15,9,7.89,48,LinkedIn
CNT00758,E04,Infosys Monterrey,2023,4,April,Q2,Scrum Master,30,12,2,1,3.33,33,LinkedIn
CNT00759,E04,Infosys Monterrey,2023,4,April,Q2,Project Manager,57,23,4,3,5.26,51,Referidos
CNT00760,E04,Infosys Monterrey,2023,4,April,Q2,Cybersecurity Analyst,90,23,5,3,3.33,33,Referidos
CNT00761,E04,Infosys Monterrey,2023,5,May,Q2,Data Analyst,204,72,15,10,4.9,63,Glassdoor
CNT00762,E04,Infosys Monterrey,2023,5,May,Q2,Software Developer,154,43,11,8,5.19,61,Referidos
CNT00763,E04,Infosys Monterrey,2023,5,May,Q2,Backend Developer,144,52,17,11,7.64,53,Glassdoor
CNT00764,E04,Infosys Monterrey,2023,5,May,Q2,Frontend Developer,44,12,4,3,6.82,41,Referidos
CNT00765,E04,Infosys Monterrey,2023,5,May,Q2,Full Stack Developer,112,47,17,12,10.71,46,LinkedIn
CNT00766,E04,Infosys Monterrey,2023,5,May,Q2,DevOps Engineer,90,32,9,8,8.89,45,Csoftmty Jobs
CNT00767,E04,Infosys Monterrey,2023,5,May,Q2,Cloud Architect,36,12,4,3,8.33,50,OCC Mundial
CNT00768,E04,Infosys Monterrey,2023,5,May,Q2,Scrum Master,133,47,13,8,6.02,18,Csoftmty Jobs
CNT00769,E04,Infosys Monterrey,2023,5,May,Q2,Project Manager,128,52,17,11,8.59,43,LinkedIn
CNT00770,E04,Infosys Monterrey,2023,5,May,Q2,Cybersecurity Analyst,60,25,8,6,10.0,54,Csoftmty Jobs
CNT00771,E04,Infosys Monterrey,2023,6,June,Q2,Data Analyst,140,44,12,10,7.14,41,LinkedIn
CNT00772,E04,Infosys Monterrey,2023,6,June,Q2,Software Developer,112,43,15,9,8.04,47,LinkedIn
CNT00773,E04,Infosys Monterrey,2023,6,June,Q2,Backend Developer,133,44,12,10,7.52,58,LinkedIn
CNT00774,E04,Infosys Monterrey,2023,6,June,Q2,Frontend Developer,60,20,6,3,5.0,35,LinkedIn
CNT00775,E04,Infosys Monterrey,2023,6,June,Q2,Full Stack Developer,68,17,3,2,2.94,24,Glassdoor
CNT00776,E04,Infosys Monterrey,2023,6,June,Q2,DevOps Engineer,75,27,7,6,8.0,62,Referidos
CNT00777,E04,Infosys Monterrey,2023,6,June,Q2,Cloud Architect,60,23,9,7,11.67,24,LinkedIn
CNT00778,E04,Infosys Monterrey,2023,6,June,Q2,Scrum Master,38,9,2,1,2.63,46,Glassdoor
CNT00779,E04,Infosys Monterrey,2023,6,June,Q2,Project Manager,135,58,12,8,5.93,24,LinkedIn
CNT00780,E04,Infosys Monterrey,2023,6,June,Q2,Cybersecurity Analyst,136,50,18,11,8.09,36,Referidos
CNT00781,E04,Infosys Monterrey,2023,7,July,Q3,Data Analyst,99,26,6,4,4.04,47,LinkedIn
CNT00782,E04,Infosys Monterrey,2023,7,July,Q3,Software Developer,240,94,26,19,7.92,19,LinkedIn
CNT00783,E04,Infosys Monterrey,2023,7,July,Q3,Backend Developer,196,59,22,18,9.18,53,LinkedIn
CNT00784,E04,Infosys Monterrey,2023,7,July,Q3,Frontend Developer,104,32,6,4,3.85,42,Referidos
CNT00785,E04,Infosys Monterrey,2023,7,July,Q3,Full Stack Developer,160,51,10,7,4.38,62,Glassdoor
CNT00786,E04,Infosys Monterrey,2023,7,July,Q3,DevOps Engineer,40,14,5,3,7.5,23,Referidos
CNT00787,E04,Infosys Monterrey,2023,7,July,Q3,Cloud Architect,22,5,1,0,0.0,29,LinkedIn
CNT00788,E04,Infosys Monterrey,2023,7,July,Q3,Scrum Master,85,34,12,8,9.41,45,Csoftmty Jobs
CNT00789,E04,Infosys Monterrey,2023,7,July,Q3,Project Manager,110,31,6,4,3.64,55,LinkedIn
CNT00790,E04,Infosys Monterrey,2023,7,July,Q3,Cybersecurity Analyst,42,18,5,3,7.14,45,OCC Mundial
CNT00791,E04,Infosys Monterrey,2023,8,August,Q3,Data Analyst,209,56,13,8,3.83,40,Referidos
CNT00792,E04,Infosys Monterrey,2023,8,August,Q3,Software Developer,323,118,42,36,11.15,22,Referidos
CNT00793,E04,Infosys Monterrey,2023,8,August,Q3,Backend Developer,170,47,13,9,5.29,23,Referidos
CNT00794,E04,Infosys Monterrey,2023,8,August,Q3,Frontend Developer,152,54,20,13,8.55,46,LinkedIn
CNT00795,E04,Infosys Monterrey,2023,8,August,Q3,Full Stack Developer,150,47,13,7,4.67,60,Referidos
CNT00796,E04,Infosys Monterrey,2023,8,August,Q3,DevOps Engineer,85,29,9,6,7.06,26,Referidos
CNT00797,E04,Infosys Monterrey,2023,8,August,Q3,Cloud Architect,88,33,8,5,5.68,57,LinkedIn
CNT00798,E04,Infosys Monterrey,2023,8,August,Q3,Scrum Master,95,42,16,10,10.53,38,OCC Mundial
CNT00799,E04,Infosys Monterrey,2023,8,August,Q3,Project Manager,45,15,3,2,4.44,33,OCC Mundial
CNT00800,E04,Infosys Monterrey,2023,8,August,Q3,Cybersecurity Analyst,54,15,3,2,3.7,53,LinkedIn
CNT00801,E04,Infosys Monterrey,2023,9,September,Q3,Data Analyst,216,66,22,18,8.33,48,LinkedIn
CNT00802,E04,Infosys Monterrey,2023,9,September,Q3,Software Developer,247,77,27,22,8.91,19,Referidos
CNT00803,E04,Infosys Monterrey,2023,9,September,Q3,Backend Developer,304,101,35,25,8.22,24,LinkedIn
CNT00804,E04,Infosys Monterrey,2023,9,September,Q3,Frontend Developer,72,21,6,3,4.17,30,OCC Mundial
CNT00805,E04,Infosys Monterrey,2023,9,September,Q3,Full Stack Developer,144,56,17,14,9.72,29,LinkedIn
CNT00806,E04,Infosys Monterrey,2023,9,September,Q3,DevOps Engineer,144,46,16,11,7.64,19,Referidos
CNT00807,E04,Infosys Monterrey,2023,9,September,Q3,Cloud Architect,16,5,1,0,0.0,50,OCC Mundial
CNT00808,E04,Infosys Monterrey,2023,9,September,Q3,Scrum Master,32,12,3,2,6.25,27,LinkedIn
CNT00809,E04,Infosys Monterrey,2023,9,September,Q3,Project Manager,32,12,3,2,6.25,49,LinkedIn
CNT00810,E04,Infosys Monterrey,2023,9,September,Q3,Cybersecurity Analyst,88,30,9,5,5.68,48,Referidos
CNT00811,E04,Infosys Monterrey,2023,10,October,Q4,Data Analyst,170,69,23,20,11.76,44,LinkedIn
CNT00812,E04,Infosys Monterrey,2023,10,October,Q4,Software Developer,220,72,16,9,4.09,59,Glassdoor
CNT00813,E04,Infosys Monterrey,2023,10,October,Q4,Backend Developer,119,33,6,4,3.36,30,Glassdoor
CNT00814,E04,Infosys Monterrey,2023,10,October,Q4,Frontend Developer,88,37,8,7,7.95,59,Referidos
CNT00815,E04,Infosys Monterrey,2023,10,October,Q4,Full Stack Developer,121,47,16,11,9.09,44,OCC Mundial
CNT00816,E04,Infosys Monterrey,2023,10,October,Q4,DevOps Engineer,38,13,3,2,5.26,34,Glassdoor
CNT00817,E04,Infosys Monterrey,2023,10,October,Q4,Cloud Architect,68,25,5,3,4.41,25,Glassdoor
CNT00818,E04,Infosys Monterrey,2023,10,October,Q4,Scrum Master,60,16,6,3,5.0,56,Referidos
CNT00819,E04,Infosys Monterrey,2023,10,October,Q4,Project Manager,60,15,3,2,3.33,33,Universidad UANL/ITESM
CNT00820,E04,Infosys Monterrey,2023,10,October,Q4,Cybersecurity Analyst,76,25,7,4,5.26,59,Glassdoor
CNT00821,E04,Infosys Monterrey,2023,11,November,Q4,Data Analyst,99,38,11,9,9.09,20,LinkedIn
CNT00822,E04,Infosys Monterrey,2023,11,November,Q4,Software Developer,308,107,27,17,5.52,55,OCC Mundial
CNT00823,E04,Infosys Monterrey,2023,11,November,Q4,Backend Developer,112,29,10,8,7.14,24,Referidos
CNT00824,E04,Infosys Monterrey,2023,11,November,Q4,Frontend Developer,102,34,7,5,4.9,25,LinkedIn
CNT00825,E04,Infosys Monterrey,2023,11,November,Q4,Full Stack Developer,180,77,19,15,8.33,62,Universidad UANL/ITESM
CNT00826,E04,Infosys Monterrey,2023,11,November,Q4,DevOps Engineer,80,27,9,6,7.5,45,Referidos
CNT00827,E04,Infosys Monterrey,2023,11,November,Q4,Cloud Architect,42,12,4,3,7.14,49,Glassdoor
CNT00828,E04,Infosys Monterrey,2023,11,November,Q4,Scrum Master,51,14,5,3,5.88,34,LinkedIn
CNT00829,E04,Infosys Monterrey,2023,11,November,Q4,Project Manager,85,22,6,4,4.71,18,Csoftmty Jobs
CNT00830,E04,Infosys Monterrey,2023,11,November,Q4,Cybersecurity Analyst,72,25,5,3,4.17,33,OCC Mundial
CNT00831,E04,Infosys Monterrey,2023,12,December,Q4,Data Analyst,88,25,9,6,6.82,28,OCC Mundial
CNT00832,E04,Infosys Monterrey,2023,12,December,Q4,Software Developer,165,62,12,9,5.45,57,Glassdoor
CNT00833,E04,Infosys Monterrey,2023,12,December,Q4,Backend Developer,210,57,18,11,5.24,30,Glassdoor
CNT00834,E04,Infosys Monterrey,2023,12,December,Q4,Frontend Developer,84,35,10,8,9.52,27,LinkedIn
CNT00835,E04,Infosys Monterrey,2023,12,December,Q4,Full Stack Developer,144,55,21,14,9.72,46,Referidos
CNT00836,E04,Infosys Monterrey,2023,12,December,Q4,DevOps Engineer,78,19,4,3,3.85,34,LinkedIn
CNT00837,E04,Infosys Monterrey,2023,12,December,Q4,Cloud Architect,40,12,2,1,2.5,62,LinkedIn
CNT00838,E04,Infosys Monterrey,2023,12,December,Q4,Scrum Master,18,4,1,0,0.0,32,LinkedIn
CNT00839,E04,Infosys Monterrey,2023,12,December,Q4,Project Manager,70,31,10,8,11.43,43,LinkedIn
CNT00840,E04,Infosys Monterrey,2023,12,December,Q4,Cybersecurity Analyst,90,37,14,11,12.22,32,Universidad UANL/ITESM
CNT00841,E04,Infosys Monterrey,2024,1,January,Q1,Data Analyst,153,65,23,14,9.15,25,LinkedIn
CNT00842,E04,Infosys Monterrey,2024,1,January,Q1,Software Developer,143,63,15,10,6.99,20,LinkedIn
CNT00843,E04,Infosys Monterrey,2024,1,January,Q1,Backend Developer,144,63,16,11,7.64,47,LinkedIn
CNT00844,E04,Infosys Monterrey,2024,1,January,Q1,Frontend Developer,70,17,5,3,4.29,18,OCC Mundial
CNT00845,E04,Infosys Monterrey,2024,1,January,Q1,Full Stack Developer,182,73,23,15,8.24,64,Referidos
CNT00846,E04,Infosys Monterrey,2024,1,January,Q1,DevOps Engineer,90,33,8,5,5.56,36,OCC Mundial
CNT00847,E04,Infosys Monterrey,2024,1,January,Q1,Cloud Architect,30,10,2,1,3.33,48,LinkedIn
CNT00848,E04,Infosys Monterrey,2024,1,January,Q1,Scrum Master,84,37,12,9,10.71,40,LinkedIn
CNT00849,E04,Infosys Monterrey,2024,1,January,Q1,Project Manager,60,24,6,4,6.67,43,LinkedIn
CNT00850,E04,Infosys Monterrey,2024,1,January,Q1,Cybersecurity Analyst,64,18,4,2,3.12,61,Referidos
CNT00851,E04,Infosys Monterrey,2024,2,February,Q1,Data Analyst,130,48,18,15,11.54,58,LinkedIn
CNT00852,E04,Infosys Monterrey,2024,2,February,Q1,Software Developer,289,106,38,27,9.34,21,Glassdoor
CNT00853,E04,Infosys Monterrey,2024,2,February,Q1,Backend Developer,192,55,18,12,6.25,20,LinkedIn
CNT00854,E04,Infosys Monterrey,2024,2,February,Q1,Frontend Developer,102,30,7,5,4.9,37,LinkedIn
CNT00855,E04,Infosys Monterrey,2024,2,February,Q1,Full Stack Developer,128,34,10,7,5.47,58,Universidad UANL/ITESM
CNT00856,E04,Infosys Monterrey,2024,2,February,Q1,DevOps Engineer,108,43,12,8,7.41,64,Csoftmty Jobs
CNT00857,E04,Infosys Monterrey,2024,2,February,Q1,Cloud Architect,54,18,5,4,7.41,26,Csoftmty Jobs
CNT00858,E04,Infosys Monterrey,2024,2,February,Q1,Scrum Master,40,14,5,4,10.0,41,Referidos
CNT00859,E04,Infosys Monterrey,2024,2,February,Q1,Project Manager,70,23,6,4,5.71,59,LinkedIn
CNT00860,E04,Infosys Monterrey,2024,2,February,Q1,Cybersecurity Analyst,54,15,5,3,5.56,60,Universidad UANL/ITESM
CNT00861,E04,Infosys Monterrey,2024,3,March,Q1,Data Analyst,110,49,13,9,8.18,26,LinkedIn
CNT00862,E04,Infosys Monterrey,2024,3,March,Q1,Software Developer,144,50,11,7,4.86,32,LinkedIn
CNT00863,E04,Infosys Monterrey,2024,3,March,Q1,Backend Developer,150,59,14,8,5.33,26,LinkedIn
CNT00864,E04,Infosys Monterrey,2024,3,March,Q1,Frontend Developer,54,15,5,3,5.56,53,OCC Mundial
CNT00865,E04,Infosys Monterrey,2024,3,March,Q1,Full Stack Developer,104,33,12,7,6.73,61,OCC Mundial
CNT00866,E04,Infosys Monterrey,2024,3,March,Q1,DevOps Engineer,98,39,14,11,11.22,31,Referidos
CNT00867,E04,Infosys Monterrey,2024,3,March,Q1,Cloud Architect,45,14,3,2,4.44,32,LinkedIn
CNT00868,E04,Infosys Monterrey,2024,3,March,Q1,Scrum Master,18,7,2,1,5.56,19,Glassdoor
CNT00869,E04,Infosys Monterrey,2024,3,March,Q1,Project Manager,66,27,9,6,9.09,40,LinkedIn
CNT00870,E04,Infosys Monterrey,2024,3,March,Q1,Cybersecurity Analyst,52,16,6,4,7.69,51,Referidos
CNT00871,E04,Infosys Monterrey,2024,4,April,Q2,Data Analyst,48,14,2,1,2.08,58,LinkedIn
CNT00872,E04,Infosys Monterrey,2024,4,April,Q2,Software Developer,256,82,22,16,6.25,32,Universidad UANL/ITESM
CNT00873,E04,Infosys Monterrey,2024,4,April,Q2,Backend Developer,133,46,11,7,5.26,57,OCC Mundial
CNT00874,E04,Infosys Monterrey,2024,4,April,Q2,Frontend Developer,66,22,5,3,4.55,29,LinkedIn
CNT00875,E04,Infosys Monterrey,2024,4,April,Q2,Full Stack Developer,52,16,3,1,1.92,41,LinkedIn
CNT00876,E04,Infosys Monterrey,2024,4,April,Q2,DevOps Engineer,144,61,14,8,5.56,32,LinkedIn
CNT00877,E04,Infosys Monterrey,2024,4,April,Q2,Cloud Architect,57,23,7,4,7.02,29,OCC Mundial
CNT00878,E04,Infosys Monterrey,2024,4,April,Q2,Scrum Master,72,19,5,3,4.17,23,Csoftmty Jobs
CNT00879,E04,Infosys Monterrey,2024,4,April,Q2,Project Manager,68,25,8,7,10.29,63,Referidos
CNT00880,E04,Infosys Monterrey,2024,4,April,Q2,Cybersecurity Analyst,30,13,3,1,3.33,31,Glassdoor
CNT00881,E04,Infosys Monterrey,2024,5,May,Q2,Data Analyst,210,59,14,9,4.29,24,OCC Mundial
CNT00882,E04,Infosys Monterrey,2024,5,May,Q2,Software Developer,240,91,29,18,7.5,25,OCC Mundial
CNT00883,E04,Infosys Monterrey,2024,5,May,Q2,Backend Developer,168,64,13,8,4.76,56,OCC Mundial
CNT00884,E04,Infosys Monterrey,2024,5,May,Q2,Frontend Developer,126,48,12,7,5.56,47,Csoftmty Jobs
CNT00885,E04,Infosys Monterrey,2024,5,May,Q2,Full Stack Developer,165,55,14,10,6.06,39,OCC Mundial
CNT00886,E04,Infosys Monterrey,2024,5,May,Q2,DevOps Engineer,68,27,9,6,8.82,60,LinkedIn
CNT00887,E04,Infosys Monterrey,2024,5,May,Q2,Cloud Architect,45,11,3,2,4.44,25,LinkedIn
CNT00888,E04,Infosys Monterrey,2024,5,May,Q2,Scrum Master,5,1,1,0,0.0,37,LinkedIn
CNT00889,E04,Infosys Monterrey,2024,5,May,Q2,Project Manager,30,11,3,2,6.67,53,LinkedIn
CNT00890,E04,Infosys Monterrey,2024,5,May,Q2,Cybersecurity Analyst,119,46,17,13,10.92,29,OCC Mundial
CNT00891,E04,Infosys Monterrey,2024,6,June,Q2,Data Analyst,170,73,22,14,8.24,21,OCC Mundial
CNT00892,E04,Infosys Monterrey,2024,6,June,Q2,Software Developer,200,53,20,13,6.5,20,Universidad UANL/ITESM
CNT00893,E04,Infosys Monterrey,2024,6,June,Q2,Backend Developer,204,84,29,21,10.29,30,LinkedIn
CNT00894,E04,Infosys Monterrey,2024,6,June,Q2,Frontend Developer,120,52,10,6,5.0,62,Universidad UANL/ITESM
CNT00895,E04,Infosys Monterrey,2024,6,June,Q2,Full Stack Developer,119,40,14,9,7.56,60,Referidos
CNT00896,E04,Infosys Monterrey,2024,6,June,Q2,DevOps Engineer,32,12,4,2,6.25,37,LinkedIn
CNT00897,E04,Infosys Monterrey,2024,6,June,Q2,Cloud Architect,60,16,5,3,5.0,41,LinkedIn
CNT00898,E04,Infosys Monterrey,2024,6,June,Q2,Scrum Master,32,8,2,1,3.12,47,LinkedIn
CNT00899,E04,Infosys Monterrey,2024,6,June,Q2,Project Manager,72,32,8,5,6.94,41,OCC Mundial
CNT00900,E04,Infosys Monterrey,2024,6,June,Q2,Cybersecurity Analyst,50,20,7,5,10.0,27,Glassdoor
CNT00901,E04,Infosys Monterrey,2024,7,July,Q3,Data Analyst,171,69,20,13,7.6,37,Referidos
CNT00902,E04,Infosys Monterrey,2024,7,July,Q3,Software Developer,399,140,52,41,10.28,62,LinkedIn
CNT00903,E04,Infosys Monterrey,2024,7,July,Q3,Backend Developer,144,39,8,5,3.47,50,Csoftmty Jobs
CNT00904,E04,Infosys Monterrey,2024,7,July,Q3,Frontend Developer,80,26,9,5,6.25,19,OCC Mundial
CNT00905,E04,Infosys Monterrey,2024,7,July,Q3,Full Stack Developer,112,29,8,4,3.57,61,Glassdoor
CNT00906,E04,Infosys Monterrey,2024,7,July,Q3,DevOps Engineer,85,24,7,4,4.71,29,OCC Mundial
CNT00907,E04,Infosys Monterrey,2024,7,July,Q3,Cloud Architect,18,7,2,1,5.56,39,OCC Mundial
CNT00908,E04,Infosys Monterrey,2024,7,July,Q3,Scrum Master,65,24,5,3,4.62,43,LinkedIn
CNT00909,E04,Infosys Monterrey,2024,7,July,Q3,Project Manager,84,33,6,5,5.95,48,Referidos
CNT00910,E04,Infosys Monterrey,2024,7,July,Q3,Cybersecurity Analyst,136,52,12,9,6.62,45,LinkedIn
CNT00911,E04,Infosys Monterrey,2024,8,August,Q3,Data Analyst,78,21,7,6,7.69,28,LinkedIn
CNT00912,E04,Infosys Monterrey,2024,8,August,Q3,Software Developer,120,50,11,7,5.83,18,Referidos
CNT00913,E04,Infosys Monterrey,2024,8,August,Q3,Backend Developer,96,24,6,4,4.17,41,LinkedIn
CNT00914,E04,Infosys Monterrey,2024,8,August,Q3,Frontend Developer,95,28,6,5,5.26,23,LinkedIn
CNT00915,E04,Infosys Monterrey,2024,8,August,Q3,Full Stack Developer,63,25,8,5,7.94,22,Referidos
CNT00916,E04,Infosys Monterrey,2024,8,August,Q3,DevOps Engineer,84,23,7,5,5.95,18,LinkedIn
CNT00917,E04,Infosys Monterrey,2024,8,August,Q3,Cloud Architect,11,4,1,0,0.0,46,Glassdoor
CNT00918,E04,Infosys Monterrey,2024,8,August,Q3,Scrum Master,84,28,7,4,4.76,25,Glassdoor
CNT00919,E04,Infosys Monterrey,2024,8,August,Q3,Project Manager,48,15,5,4,8.33,25,LinkedIn
CNT00920,E04,Infosys Monterrey,2024,8,August,Q3,Cybersecurity Analyst,96,26,6,5,5.21,62,OCC Mundial
CNT00921,E04,Infosys Monterrey,2024,9,September,Q3,Data Analyst,130,56,19,12,9.23,54,OCC Mundial
CNT00922,E04,Infosys Monterrey,2024,9,September,Q3,Software Developer,323,96,30,21,6.5,31,Universidad UANL/ITESM
CNT00923,E04,Infosys Monterrey,2024,9,September,Q3,Backend Developer,81,25,9,6,7.41,58,LinkedIn
CNT00924,E04,Infosys Monterrey,2024,9,September,Q3,Frontend Developer,209,68,26,21,10.05,32,LinkedIn
CNT00925,E04,Infosys Monterrey,2024,9,September,Q3,Full Stack Developer,91,39,12,7,7.69,61,OCC Mundial
CNT00926,E04,Infosys Monterrey,2024,9,September,Q3,DevOps Engineer,33,13,4,3,9.09,35,LinkedIn
CNT00927,E04,Infosys Monterrey,2024,9,September,Q3,Cloud Architect,16,4,1,0,0.0,37,OCC Mundial
CNT00928,E04,Infosys Monterrey,2024,9,September,Q3,Scrum Master,36,15,4,2,5.56,32,Csoftmty Jobs
CNT00929,E04,Infosys Monterrey,2024,9,September,Q3,Project Manager,11,3,1,0,0.0,18,Referidos
CNT00930,E04,Infosys Monterrey,2024,9,September,Q3,Cybersecurity Analyst,33,12,4,3,9.09,45,Referidos
CNT00931,E04,Infosys Monterrey,2024,10,October,Q4,Data Analyst,100,39,8,6,6.0,22,Referidos
CNT00932,E04,Infosys Monterrey,2024,10,October,Q4,Software Developer,357,118,37,33,9.24,53,OCC Mundial
CNT00933,E04,Infosys Monterrey,2024,10,October,Q4,Backend Developer,169,49,12,7,4.14,52,LinkedIn
CNT00934,E04,Infosys Monterrey,2024,10,October,Q4,Frontend Developer,34,13,3,2,5.88,18,Referidos
CNT00935,E04,Infosys Monterrey,2024,10,October,Q4,Full Stack Developer,102,36,14,9,8.82,29,Csoftmty Jobs
CNT00936,E04,Infosys Monterrey,2024,10,October,Q4,DevOps Engineer,108,32,12,10,9.26,58,LinkedIn
CNT00937,E04,Infosys Monterrey,2024,10,October,Q4,Cloud Architect,22,8,2,1,4.55,57,Referidos
CNT00938,E04,Infosys Monterrey,2024,10,October,Q4,Scrum Master,45,13,5,4,8.89,43,Referidos
CNT00939,E04,Infosys Monterrey,2024,10,October,Q4,Project Manager,90,31,11,9,10.0,59,Glassdoor
CNT00940,E04,Infosys Monterrey,2024,10,October,Q4,Cybersecurity Analyst,44,16,3,1,2.27,47,Referidos
CNT00941,E04,Infosys Monterrey,2024,11,November,Q4,Data Analyst,56,19,4,3,5.36,52,Csoftmty Jobs
CNT00942,E04,Infosys Monterrey,2024,11,November,Q4,Software Developer,150,51,18,10,6.67,37,Csoftmty Jobs
CNT00943,E04,Infosys Monterrey,2024,11,November,Q4,Backend Developer,132,42,14,11,8.33,51,Referidos
CNT00944,E04,Infosys Monterrey,2024,11,November,Q4,Frontend Developer,50,14,4,2,4.0,37,Glassdoor
CNT00945,E04,Infosys Monterrey,2024,11,November,Q4,Full Stack Developer,180,75,28,21,11.67,31,LinkedIn
CNT00946,E04,Infosys Monterrey,2024,11,November,Q4,DevOps Engineer,12,3,1,0,0.0,40,Referidos
CNT00947,E04,Infosys Monterrey,2024,11,November,Q4,Cloud Architect,48,14,4,2,4.17,51,LinkedIn
CNT00948,E04,Infosys Monterrey,2024,11,November,Q4,Scrum Master,32,8,3,2,6.25,58,Referidos
CNT00949,E04,Infosys Monterrey,2024,11,November,Q4,Project Manager,84,27,5,3,3.57,42,Universidad UANL/ITESM
CNT00950,E04,Infosys Monterrey,2024,11,November,Q4,Cybersecurity Analyst,90,24,8,6,6.67,48,Csoftmty Jobs
CNT00951,E04,Infosys Monterrey,2024,12,December,Q4,Data Analyst,168,67,17,14,8.33,26,OCC Mundial
CNT00952,E04,Infosys Monterrey,2024,12,December,Q4,Software Developer,192,56,18,11,5.73,61,LinkedIn
CNT00953,E04,Infosys Monterrey,2024,12,December,Q4,Backend Developer,132,39,11,7,5.3,36,LinkedIn
CNT00954,E04,Infosys Monterrey,2024,12,December,Q4,Frontend Developer,104,30,7,4,3.85,19,Glassdoor
CNT00955,E04,Infosys Monterrey,2024,12,December,Q4,Full Stack Developer,136,54,19,16,11.76,18,Referidos
CNT00956,E04,Infosys Monterrey,2024,12,December,Q4,DevOps Engineer,152,67,15,9,5.92,28,Referidos
CNT00957,E04,Infosys Monterrey,2024,12,December,Q4,Cloud Architect,42,17,5,3,7.14,36,Referidos
CNT00958,E04,Infosys Monterrey,2024,12,December,Q4,Scrum Master,15,5,1,0,0.0,47,LinkedIn
CNT00959,E04,Infosys Monterrey,2024,12,December,Q4,Project Manager,54,24,8,6,11.11,58,Referidos
CNT00960,E04,Infosys Monterrey,2024,12,December,Q4,Cybersecurity Analyst,68,23,8,5,7.35,55,Referidos
CNT00961,E05,Globant Monterrey,2023,1,January,Q1,Data Analyst,198,78,18,12,6.06,39,LinkedIn
CNT00962,E05,Globant Monterrey,2023,1,January,Q1,Software Developer,190,72,19,15,7.89,25,OCC Mundial
CNT00963,E05,Globant Monterrey,2023,1,January,Q1,Backend Developer,112,43,15,13,11.61,58,LinkedIn
CNT00964,E05,Globant Monterrey,2023,1,January,Q1,Frontend Developer,36,15,3,1,2.78,18,OCC Mundial
CNT00965,E05,Globant Monterrey,2023,1,January,Q1,Full Stack Developer,24,7,2,1,4.17,56,LinkedIn
CNT00966,E05,Globant Monterrey,2023,1,January,Q1,DevOps Engineer,72,23,5,3,4.17,34,Glassdoor
CNT00967,E05,Globant Monterrey,2023,1,January,Q1,Cloud Architect,48,19,6,3,6.25,23,LinkedIn
CNT00968,E05,Globant Monterrey,2023,1,January,Q1,Scrum Master,60,24,6,4,6.67,29,OCC Mundial
CNT00969,E05,Globant Monterrey,2023,1,January,Q1,Project Manager,32,11,4,3,9.38,43,LinkedIn
CNT00970,E05,Globant Monterrey,2023,1,January,Q1,Cybersecurity Analyst,8,2,1,0,0.0,43,LinkedIn
CNT00971,E05,Globant Monterrey,2023,2,February,Q1,Data Analyst,128,41,8,6,4.69,34,LinkedIn
CNT00972,E05,Globant Monterrey,2023,2,February,Q1,Software Developer,224,61,19,15,6.7,37,Referidos
CNT00973,E05,Globant Monterrey,2023,2,February,Q1,Backend Developer,102,30,10,8,7.84,54,OCC Mundial
CNT00974,E05,Globant Monterrey,2023,2,February,Q1,Frontend Developer,90,30,9,5,5.56,53,OCC Mundial
CNT00975,E05,Globant Monterrey,2023,2,February,Q1,Full Stack Developer,84,28,10,8,9.52,39,Universidad UANL/ITESM
CNT00976,E05,Globant Monterrey,2023,2,February,Q1,DevOps Engineer,36,12,2,1,2.78,38,LinkedIn
CNT00977,E05,Globant Monterrey,2023,2,February,Q1,Cloud Architect,10,2,1,0,0.0,42,LinkedIn
CNT00978,E05,Globant Monterrey,2023,2,February,Q1,Scrum Master,8,3,1,0,0.0,26,Csoftmty Jobs
CNT00979,E05,Globant Monterrey,2023,2,February,Q1,Project Manager,18,4,1,0,0.0,23,Universidad UANL/ITESM
CNT00980,E05,Globant Monterrey,2023,2,February,Q1,Cybersecurity Analyst,57,15,3,2,3.51,44,Referidos
CNT00981,E05,Globant Monterrey,2023,3,March,Q1,Data Analyst,143,61,19,14,9.79,59,Referidos
CNT00982,E05,Globant Monterrey,2023,3,March,Q1,Software Developer,260,107,42,26,10.0,43,OCC Mundial
CNT00983,E05,Globant Monterrey,2023,3,March,Q1,Backend Developer,133,46,10,8,6.02,49,Csoftmty Jobs
CNT00984,E05,Globant Monterrey,2023,3,March,Q1,Frontend Developer,84,36,12,8,9.52,18,Glassdoor
CNT00985,E05,Globant Monterrey,2023,3,March,Q1,Full Stack Developer,32,11,2,1,3.12,39,LinkedIn
CNT00986,E05,Globant Monterrey,2023,3,March,Q1,DevOps Engineer,72,29,8,5,6.94,20,Csoftmty Jobs
CNT00987,E05,Globant Monterrey,2023,3,March,Q1,Cloud Architect,76,29,11,8,10.53,41,OCC Mundial
CNT00988,E05,Globant Monterrey,2023,3,March,Q1,Scrum Master,36,10,3,2,5.56,40,LinkedIn
CNT00989,E05,Globant Monterrey,2023,3,March,Q1,Project Manager,55,20,4,3,5.45,21,OCC Mundial
CNT00990,E05,Globant Monterrey,2023,3,March,Q1,Cybersecurity Analyst,72,19,6,4,5.56,38,Glassdoor
CNT00991,E05,Globant Monterrey,2023,4,April,Q2,Data Analyst,88,33,10,7,7.95,46,Glassdoor
CNT00992,E05,Globant Monterrey,2023,4,April,Q2,Software Developer,238,96,24,20,8.4,23,Glassdoor
CNT00993,E05,Globant Monterrey,2023,4,April,Q2,Backend Developer,80,24,6,3,3.75,18,LinkedIn
CNT00994,E05,Globant Monterrey,2023,4,April,Q2,Frontend Developer,52,20,6,4,7.69,42,LinkedIn
CNT00995,E05,Globant Monterrey,2023,4,April,Q2,Full Stack Developer,153,42,14,12,7.84,54,LinkedIn
CNT00996,E05,Globant Monterrey,2023,4,April,Q2,DevOps Engineer,84,30,7,4,4.76,33,Referidos
CNT00997,E05,Globant Monterrey,2023,4,April,Q2,Cloud Architect,78,19,4,3,3.85,59,OCC Mundial
CNT00998,E05,Globant Monterrey,2023,4,April,Q2,Scrum Master,18,5,1,0,0.0,60,OCC Mundial
CNT00999,E05,Globant Monterrey,2023,4,April,Q2,Project Manager,68,26,6,4,5.88,60,Csoftmty Jobs
CNT01000,E05,Globant Monterrey,2023,4,April,Q2,Cybersecurity Analyst,52,21,7,6,11.54,44,OCC Mundial
CNT01001,E05,Globant Monterrey,2023,5,May,Q2,Data Analyst,64,22,4,3,4.69,20,Universidad UANL/ITESM
CNT01002,E05,Globant Monterrey,2023,5,May,Q2,Software Developer,140,50,15,13,9.29,63,OCC Mundial
CNT01003,E05,Globant Monterrey,2023,5,May,Q2,Backend Developer,180,79,22,19,10.56,58,Referidos
CNT01004,E05,Globant Monterrey,2023,5,May,Q2,Frontend Developer,33,8,2,1,3.03,23,Referidos
CNT01005,E05,Globant Monterrey,2023,5,May,Q2,Full Stack Developer,78,30,7,5,6.41,46,LinkedIn
CNT01006,E05,Globant Monterrey,2023,5,May,Q2,DevOps Engineer,72,20,5,4,5.56,28,Glassdoor
CNT01007,E05,Globant Monterrey,2023,5,May,Q2,Cloud Architect,45,18,4,3,6.67,52,OCC Mundial
CNT01008,E05,Globant Monterrey,2023,5,May,Q2,Scrum Master,30,8,1,0,0.0,30,Csoftmty Jobs
CNT01009,E05,Globant Monterrey,2023,5,May,Q2,Project Manager,10,3,1,0,0.0,42,Glassdoor
CNT01010,E05,Globant Monterrey,2023,5,May,Q2,Cybersecurity Analyst,24,8,2,1,4.17,28,Referidos
CNT01011,E05,Globant Monterrey,2023,6,June,Q2,Data Analyst,91,32,8,5,5.49,46,Csoftmty Jobs
CNT01012,E05,Globant Monterrey,2023,6,June,Q2,Software Developer,252,90,18,12,4.76,37,LinkedIn
CNT01013,E05,Globant Monterrey,2023,6,June,Q2,Backend Developer,187,81,28,23,12.3,25,Referidos
CNT01014,E05,Globant Monterrey,2023,6,June,Q2,Frontend Developer,171,69,19,13,7.6,23,OCC Mundial
CNT01015,E05,Globant Monterrey,2023,6,June,Q2,Full Stack Developer,63,17,5,4,6.35,27,Universidad UANL/ITESM
CNT01016,E05,Globant Monterrey,2023,6,June,Q2,DevOps Engineer,50,14,5,4,8.0,29,LinkedIn
CNT01017,E05,Globant Monterrey,2023,6,June,Q2,Cloud Architect,17,5,1,0,0.0,60,LinkedIn
CNT01018,E05,Globant Monterrey,2023,6,June,Q2,Scrum Master,18,6,1,0,0.0,50,LinkedIn
CNT01019,E05,Globant Monterrey,2023,6,June,Q2,Project Manager,27,7,1,0,0.0,63,Universidad UANL/ITESM
CNT01020,E05,Globant Monterrey,2023,6,June,Q2,Cybersecurity Analyst,72,29,11,9,12.5,23,Csoftmty Jobs
CNT01021,E05,Globant Monterrey,2023,7,July,Q3,Data Analyst,187,52,11,6,3.21,42,OCC Mundial
CNT01022,E05,Globant Monterrey,2023,7,July,Q3,Software Developer,99,41,14,12,12.12,51,OCC Mundial
CNT01023,E05,Globant Monterrey,2023,7,July,Q3,Backend Developer,76,29,11,7,9.21,60,Referidos
CNT01024,E05,Globant Monterrey,2023,7,July,Q3,Frontend Developer,30,13,4,2,6.67,24,Referidos
CNT01025,E05,Globant Monterrey,2023,7,July,Q3,Full Stack Developer,60,20,6,4,6.67,44,LinkedIn
CNT01026,E05,Globant Monterrey,2023,7,July,Q3,DevOps Engineer,30,11,4,2,6.67,62,OCC Mundial
CNT01027,E05,Globant Monterrey,2023,7,July,Q3,Cloud Architect,80,27,8,7,8.75,31,OCC Mundial
CNT01028,E05,Globant Monterrey,2023,7,July,Q3,Scrum Master,90,30,6,3,3.33,63,LinkedIn
CNT01029,E05,Globant Monterrey,2023,7,July,Q3,Project Manager,112,42,16,11,9.82,25,LinkedIn
CNT01030,E05,Globant Monterrey,2023,7,July,Q3,Cybersecurity Analyst,90,37,12,10,11.11,33,Referidos
CNT01031,E05,Globant Monterrey,2023,8,August,Q3,Data Analyst,171,52,16,12,7.02,24,Csoftmty Jobs
CNT01032,E05,Globant Monterrey,2023,8,August,Q3,Software Developer,187,59,14,12,6.42,39,Referidos
CNT01033,E05,Globant Monterrey,2023,8,August,Q3,Backend Developer,135,51,19,13,9.63,55,Csoftmty Jobs
CNT01034,E05,Globant Monterrey,2023,8,August,Q3,Frontend Developer,136,51,17,10,7.35,36,LinkedIn
CNT01035,E05,Globant Monterrey,2023,8,August,Q3,Full Stack Developer,78,33,12,7,8.97,24,OCC Mundial
CNT01036,E05,Globant Monterrey,2023,8,August,Q3,DevOps Engineer,114,42,13,10,8.77,43,Referidos
CNT01037,E05,Globant Monterrey,2023,8,August,Q3,Cloud Architect,45,16,3,2,4.44,47,Universidad UANL/ITESM
CNT01038,E05,Globant Monterrey,2023,8,August,Q3,Scrum Master,48,19,6,3,6.25,31,Glassdoor
CNT01039,E05,Globant Monterrey,2023,8,August,Q3,Project Manager,10,2,1,0,0.0,62,Universidad UANL/ITESM
CNT01040,E05,Globant Monterrey,2023,8,August,Q3,Cybersecurity Analyst,90,28,8,5,5.56,38,Csoftmty Jobs
CNT01041,E05,Globant Monterrey,2023,9,September,Q3,Data Analyst,140,57,12,8,5.71,60,Glassdoor
CNT01042,E05,Globant Monterrey,2023,9,September,Q3,Software Developer,414,179,61,42,10.14,27,Referidos
CNT01043,E05,Globant Monterrey,2023,9,September,Q3,Backend Developer,143,39,9,7,4.9,49,LinkedIn
CNT01044,E05,Globant Monterrey,2023,9,September,Q3,Frontend Developer,180,59,21,12,6.67,53,Referidos
CNT01045,E05,Globant Monterrey,2023,9,September,Q3,Full Stack Developer,48,20,7,5,10.42,50,Referidos
CNT01046,E05,Globant Monterrey,2023,9,September,Q3,DevOps Engineer,126,43,14,12,9.52,37,OCC Mundial
CNT01047,E05,Globant Monterrey,2023,9,September,Q3,Cloud Architect,16,7,1,0,0.0,58,LinkedIn
CNT01048,E05,Globant Monterrey,2023,9,September,Q3,Scrum Master,54,16,5,3,5.56,29,LinkedIn
CNT01049,E05,Globant Monterrey,2023,9,September,Q3,Project Manager,55,21,6,4,7.27,31,Csoftmty Jobs
CNT01050,E05,Globant Monterrey,2023,9,September,Q3,Cybersecurity Analyst,48,12,3,2,4.17,38,Csoftmty Jobs
CNT01051,E05,Globant Monterrey,2023,10,October,Q4,Data Analyst,187,50,14,12,6.42,56,LinkedIn
CNT01052,E05,Globant Monterrey,2023,10,October,Q4,Software Developer,160,64,14,9,5.62,32,LinkedIn
CNT01053,E05,Globant Monterrey,2023,10,October,Q4,Backend Developer,90,33,6,4,4.44,59,LinkedIn
CNT01054,E05,Globant Monterrey,2023,10,October,Q4,Frontend Developer,20,5,1,0,0.0,45,Glassdoor
CNT01055,E05,Globant Monterrey,2023,10,October,Q4,Full Stack Developer,72,22,5,4,5.56,53,Referidos
CNT01056,E05,Globant Monterrey,2023,10,October,Q4,DevOps Engineer,65,27,9,7,10.77,24,OCC Mundial
CNT01057,E05,Globant Monterrey,2023,10,October,Q4,Cloud Architect,20,7,1,0,0.0,37,LinkedIn
CNT01058,E05,Globant Monterrey,2023,10,October,Q4,Scrum Master,15,3,1,0,0.0,50,OCC Mundial
CNT01059,E05,Globant Monterrey,2023,10,October,Q4,Project Manager,56,14,4,2,3.57,42,Universidad UANL/ITESM
CNT01060,E05,Globant Monterrey,2023,10,October,Q4,Cybersecurity Analyst,24,9,3,2,8.33,24,Referidos
CNT01061,E05,Globant Monterrey,2023,11,November,Q4,Data Analyst,187,55,20,17,9.09,41,Referidos
CNT01062,E05,Globant Monterrey,2023,11,November,Q4,Software Developer,72,26,9,7,9.72,33,OCC Mundial
CNT01063,E05,Globant Monterrey,2023,11,November,Q4,Backend Developer,72,18,4,3,4.17,23,Glassdoor
CNT01064,E05,Globant Monterrey,2023,11,November,Q4,Frontend Developer,63,28,9,6,9.52,31,Glassdoor
CNT01065,E05,Globant Monterrey,2023,11,November,Q4,Full Stack Developer,75,21,6,4,5.33,27,Referidos
CNT01066,E05,Globant Monterrey,2023,11,November,Q4,DevOps Engineer,88,32,7,6,6.82,44,LinkedIn
CNT01067,E05,Globant Monterrey,2023,11,November,Q4,Cloud Architect,85,35,11,8,9.41,45,Referidos
CNT01068,E05,Globant Monterrey,2023,11,November,Q4,Scrum Master,133,54,12,9,6.77,50,Glassdoor
CNT01069,E05,Globant Monterrey,2023,11,November,Q4,Project Manager,91,26,9,7,7.69,63,LinkedIn
CNT01070,E05,Globant Monterrey,2023,11,November,Q4,Cybersecurity Analyst,120,33,12,8,6.67,47,Universidad UANL/ITESM
CNT01071,E05,Globant Monterrey,2023,12,December,Q4,Data Analyst,156,54,12,10,6.41,25,Universidad UANL/ITESM
CNT01072,E05,Globant Monterrey,2023,12,December,Q4,Software Developer,154,45,15,11,7.14,60,OCC Mundial
CNT01073,E05,Globant Monterrey,2023,12,December,Q4,Backend Developer,165,71,19,13,7.88,20,Csoftmty Jobs
CNT01074,E05,Globant Monterrey,2023,12,December,Q4,Frontend Developer,77,19,5,3,3.9,43,OCC Mundial
CNT01075,E05,Globant Monterrey,2023,12,December,Q4,Full Stack Developer,130,36,8,4,3.08,59,Universidad UANL/ITESM
CNT01076,E05,Globant Monterrey,2023,12,December,Q4,DevOps Engineer,65,18,6,4,6.15,19,Referidos
CNT01077,E05,Globant Monterrey,2023,12,December,Q4,Cloud Architect,48,13,2,1,2.08,42,Glassdoor
CNT01078,E05,Globant Monterrey,2023,12,December,Q4,Scrum Master,114,50,18,16,14.04,31,OCC Mundial
CNT01079,E05,Globant Monterrey,2023,12,December,Q4,Project Manager,34,11,4,3,8.82,43,OCC Mundial
CNT01080,E05,Globant Monterrey,2023,12,December,Q4,Cybersecurity Analyst,36,14,4,2,5.56,62,Glassdoor
CNT01081,E05,Globant Monterrey,2024,1,January,Q1,Data Analyst,110,28,10,6,5.45,40,Csoftmty Jobs
CNT01082,E05,Globant Monterrey,2024,1,January,Q1,Software Developer,221,93,27,23,10.41,23,OCC Mundial
CNT01083,E05,Globant Monterrey,2024,1,January,Q1,Backend Developer,70,19,3,2,2.86,50,Csoftmty Jobs
CNT01084,E05,Globant Monterrey,2024,1,January,Q1,Frontend Developer,90,34,10,8,8.89,61,OCC Mundial
CNT01085,E05,Globant Monterrey,2024,1,January,Q1,Full Stack Developer,120,34,10,7,5.83,60,Universidad UANL/ITESM
CNT01086,E05,Globant Monterrey,2024,1,January,Q1,DevOps Engineer,18,6,2,1,5.56,22,Glassdoor
CNT01087,E05,Globant Monterrey,2024,1,January,Q1,Cloud Architect,12,3,1,0,0.0,51,LinkedIn
CNT01088,E05,Globant Monterrey,2024,1,January,Q1,Scrum Master,76,26,9,7,9.21,58,Referidos
CNT01089,E05,Globant Monterrey,2024,1,January,Q1,Project Manager,126,38,8,4,3.17,39,Csoftmty Jobs
CNT01090,E05,Globant Monterrey,2024,1,January,Q1,Cybersecurity Analyst,114,45,9,6,5.26,28,OCC Mundial
CNT01091,E05,Globant Monterrey,2024,2,February,Q1,Data Analyst,90,28,5,3,3.33,24,OCC Mundial
CNT01092,E05,Globant Monterrey,2024,2,February,Q1,Software Developer,171,76,18,12,7.02,50,Glassdoor
CNT01093,E05,Globant Monterrey,2024,2,February,Q1,Backend Developer,60,24,7,4,6.67,62,Universidad UANL/ITESM
CNT01094,E05,Globant Monterrey,2024,2,February,Q1,Frontend Developer,96,27,7,5,5.21,36,OCC Mundial
CNT01095,E05,Globant Monterrey,2024,2,February,Q1,Full Stack Developer,114,35,7,4,3.51,20,Csoftmty Jobs
CNT01096,E05,Globant Monterrey,2024,2,February,Q1,DevOps Engineer,40,16,5,3,7.5,21,LinkedIn
CNT01097,E05,Globant Monterrey,2024,2,February,Q1,Cloud Architect,40,15,4,3,7.5,44,LinkedIn
CNT01098,E05,Globant Monterrey,2024,2,February,Q1,Scrum Master,56,20,5,4,7.14,24,OCC Mundial
CNT01099,E05,Globant Monterrey,2024,2,February,Q1,Project Manager,34,10,3,1,2.94,38,LinkedIn
CNT01100,E05,Globant Monterrey,2024,2,February,Q1,Cybersecurity Analyst,36,14,4,3,8.33,49,Universidad UANL/ITESM
CNT01101,E05,Globant Monterrey,2024,3,March,Q1,Data Analyst,88,37,13,11,12.5,58,Universidad UANL/ITESM
CNT01102,E05,Globant Monterrey,2024,3,March,Q1,Software Developer,198,55,15,13,6.57,51,OCC Mundial
CNT01103,E05,Globant Monterrey,2024,3,March,Q1,Backend Developer,153,44,15,11,7.19,34,Universidad UANL/ITESM
CNT01104,E05,Globant Monterrey,2024,3,March,Q1,Frontend Developer,48,15,5,3,6.25,20,OCC Mundial
CNT01105,E05,Globant Monterrey,2024,3,March,Q1,Full Stack Developer,144,57,18,12,8.33,60,Universidad UANL/ITESM
CNT01106,E05,Globant Monterrey,2024,3,March,Q1,DevOps Engineer,36,12,3,1,2.78,33,OCC Mundial
CNT01107,E05,Globant Monterrey,2024,3,March,Q1,Cloud Architect,30,8,2,1,3.33,27,LinkedIn
CNT01108,E05,Globant Monterrey,2024,3,March,Q1,Scrum Master,20,8,2,1,5.0,28,Glassdoor
CNT01109,E05,Globant Monterrey,2024,3,March,Q1,Project Manager,60,21,8,6,10.0,42,LinkedIn
CNT01110,E05,Globant Monterrey,2024,3,March,Q1,Cybersecurity Analyst,72,22,4,3,4.17,23,LinkedIn
CNT01111,E05,Globant Monterrey,2024,4,April,Q2,Data Analyst,152,48,14,10,6.58,57,LinkedIn
CNT01112,E05,Globant Monterrey,2024,4,April,Q2,Software Developer,210,62,16,12,5.71,47,OCC Mundial
CNT01113,E05,Globant Monterrey,2024,4,April,Q2,Backend Developer,117,30,6,4,3.42,43,Referidos
CNT01114,E05,Globant Monterrey,2024,4,April,Q2,Frontend Developer,65,22,6,5,7.69,21,Universidad UANL/ITESM
CNT01115,E05,Globant Monterrey,2024,4,April,Q2,Full Stack Developer,54,16,6,4,7.41,33,OCC Mundial
CNT01116,E05,Globant Monterrey,2024,4,April,Q2,DevOps Engineer,57,25,5,4,7.02,62,Glassdoor
CNT01117,E05,Globant Monterrey,2024,4,April,Q2,Cloud Architect,36,10,2,1,2.78,64,Referidos
CNT01118,E05,Globant Monterrey,2024,4,April,Q2,Scrum Master,108,34,9,7,6.48,37,Referidos
CNT01119,E05,Globant Monterrey,2024,4,April,Q2,Project Manager,90,38,7,6,6.67,60,Glassdoor
CNT01120,E05,Globant Monterrey,2024,4,April,Q2,Cybersecurity Analyst,90,30,8,7,7.78,21,Referidos
CNT01121,E05,Globant Monterrey,2024,5,May,Q2,Data Analyst,104,36,11,9,8.65,51,Referidos
CNT01122,E05,Globant Monterrey,2024,5,May,Q2,Software Developer,143,44,13,8,5.59,44,Referidos
CNT01123,E05,Globant Monterrey,2024,5,May,Q2,Backend Developer,160,40,10,7,4.38,29,LinkedIn
CNT01124,E05,Globant Monterrey,2024,5,May,Q2,Frontend Developer,80,29,8,5,6.25,47,LinkedIn
CNT01125,E05,Globant Monterrey,2024,5,May,Q2,Full Stack Developer,112,31,7,5,4.46,40,LinkedIn
CNT01126,E05,Globant Monterrey,2024,5,May,Q2,DevOps Engineer,75,33,7,6,8.0,23,Referidos
CNT01127,E05,Globant Monterrey,2024,5,May,Q2,Cloud Architect,13,5,1,0,0.0,64,Glassdoor
CNT01128,E05,Globant Monterrey,2024,5,May,Q2,Scrum Master,24,6,1,0,0.0,47,LinkedIn
CNT01129,E05,Globant Monterrey,2024,5,May,Q2,Project Manager,48,13,4,2,4.17,18,Referidos
CNT01130,E05,Globant Monterrey,2024,5,May,Q2,Cybersecurity Analyst,108,45,14,8,7.41,63,Referidos
CNT01131,E05,Globant Monterrey,2024,6,June,Q2,Data Analyst,135,52,18,12,8.89,59,Glassdoor
CNT01132,E05,Globant Monterrey,2024,6,June,Q2,Software Developer,399,100,23,19,4.76,61,LinkedIn
CNT01133,E05,Globant Monterrey,2024,6,June,Q2,Backend Developer,84,22,4,3,3.57,55,LinkedIn
CNT01134,E05,Globant Monterrey,2024,6,June,Q2,Frontend Developer,40,11,2,1,2.5,42,Csoftmty Jobs
CNT01135,E05,Globant Monterrey,2024,6,June,Q2,Full Stack Developer,96,41,16,13,13.54,51,Csoftmty Jobs
CNT01136,E05,Globant Monterrey,2024,6,June,Q2,DevOps Engineer,52,22,5,3,5.77,57,LinkedIn
CNT01137,E05,Globant Monterrey,2024,6,June,Q2,Cloud Architect,24,10,3,2,8.33,61,LinkedIn
CNT01138,E05,Globant Monterrey,2024,6,June,Q2,Scrum Master,64,23,7,4,6.25,38,Referidos
CNT01139,E05,Globant Monterrey,2024,6,June,Q2,Project Manager,42,10,2,1,2.38,36,Referidos
CNT01140,E05,Globant Monterrey,2024,6,June,Q2,Cybersecurity Analyst,39,12,4,2,5.13,31,OCC Mundial
CNT01141,E05,Globant Monterrey,2024,7,July,Q3,Data Analyst,81,34,11,7,8.64,25,OCC Mundial
CNT01142,E05,Globant Monterrey,2024,7,July,Q3,Software Developer,324,145,54,44,13.58,38,LinkedIn
CNT01143,E05,Globant Monterrey,2024,7,July,Q3,Backend Developer,133,53,20,14,10.53,33,OCC Mundial
CNT01144,E05,Globant Monterrey,2024,7,July,Q3,Frontend Developer,44,19,5,4,9.09,42,Glassdoor
CNT01145,E05,Globant Monterrey,2024,7,July,Q3,Full Stack Developer,64,19,6,4,6.25,22,Csoftmty Jobs
CNT01146,E05,Globant Monterrey,2024,7,July,Q3,DevOps Engineer,112,28,8,6,5.36,29,Referidos
CNT01147,E05,Globant Monterrey,2024,7,July,Q3,Cloud Architect,32,10,3,2,6.25,33,OCC Mundial
CNT01148,E05,Globant Monterrey,2024,7,July,Q3,Scrum Master,56,20,5,3,5.36,35,LinkedIn
CNT01149,E05,Globant Monterrey,2024,7,July,Q3,Project Manager,17,7,1,0,0.0,60,Referidos
CNT01150,E05,Globant Monterrey,2024,7,July,Q3,Cybersecurity Analyst,50,19,6,4,8.0,59,Referidos
CNT01151,E05,Globant Monterrey,2024,8,August,Q3,Data Analyst,132,53,18,11,8.33,63,Referidos
CNT01152,E05,Globant Monterrey,2024,8,August,Q3,Software Developer,45,15,4,3,6.67,64,Glassdoor
CNT01153,E05,Globant Monterrey,2024,8,August,Q3,Backend Developer,144,62,15,11,7.64,42,LinkedIn
CNT01154,E05,Globant Monterrey,2024,8,August,Q3,Frontend Developer,56,21,4,2,3.57,56,LinkedIn
CNT01155,E05,Globant Monterrey,2024,8,August,Q3,Full Stack Developer,55,23,8,6,10.91,50,LinkedIn
CNT01156,E05,Globant Monterrey,2024,8,August,Q3,DevOps Engineer,32,11,3,2,6.25,48,Referidos
CNT01157,E05,Globant Monterrey,2024,8,August,Q3,Cloud Architect,60,25,8,5,8.33,55,LinkedIn
CNT01158,E05,Globant Monterrey,2024,8,August,Q3,Scrum Master,48,12,2,1,2.08,42,OCC Mundial
CNT01159,E05,Globant Monterrey,2024,8,August,Q3,Project Manager,30,9,3,2,6.67,63,LinkedIn
CNT01160,E05,Globant Monterrey,2024,8,August,Q3,Cybersecurity Analyst,64,18,6,4,6.25,19,OCC Mundial
CNT01161,E05,Globant Monterrey,2024,9,September,Q3,Data Analyst,117,45,17,15,12.82,40,Universidad UANL/ITESM
CNT01162,E05,Globant Monterrey,2024,9,September,Q3,Software Developer,168,45,13,7,4.17,59,LinkedIn
CNT01163,E05,Globant Monterrey,2024,9,September,Q3,Backend Developer,108,34,8,7,6.48,22,Universidad UANL/ITESM
CNT01164,E05,Globant Monterrey,2024,9,September,Q3,Frontend Developer,112,41,13,8,7.14,62,Referidos
CNT01165,E05,Globant Monterrey,2024,9,September,Q3,Full Stack Developer,55,14,4,2,3.64,56,OCC Mundial
CNT01166,E05,Globant Monterrey,2024,9,September,Q3,DevOps Engineer,98,43,16,14,14.29,54,Referidos
CNT01167,E05,Globant Monterrey,2024,9,September,Q3,Cloud Architect,18,5,1,0,0.0,60,LinkedIn
CNT01168,E05,Globant Monterrey,2024,9,September,Q3,Scrum Master,72,31,7,5,6.94,37,OCC Mundial
CNT01169,E05,Globant Monterrey,2024,9,September,Q3,Project Manager,44,17,6,5,11.36,45,Csoftmty Jobs
CNT01170,E05,Globant Monterrey,2024,9,September,Q3,Cybersecurity Analyst,88,38,12,8,9.09,21,OCC Mundial
CNT01171,E05,Globant Monterrey,2024,10,October,Q4,Data Analyst,150,49,13,11,7.33,28,LinkedIn
CNT01172,E05,Globant Monterrey,2024,10,October,Q4,Software Developer,361,135,35,28,7.76,52,LinkedIn
CNT01173,E05,Globant Monterrey,2024,10,October,Q4,Backend Developer,40,12,3,1,2.5,60,Csoftmty Jobs
CNT01174,E05,Globant Monterrey,2024,10,October,Q4,Frontend Developer,112,38,10,6,5.36,46,Referidos
CNT01175,E05,Globant Monterrey,2024,10,October,Q4,Full Stack Developer,96,39,11,7,7.29,53,OCC Mundial
CNT01176,E05,Globant Monterrey,2024,10,October,Q4,DevOps Engineer,60,24,7,4,6.67,57,Referidos
CNT01177,E05,Globant Monterrey,2024,10,October,Q4,Cloud Architect,28,7,2,1,3.57,58,Universidad UANL/ITESM
CNT01178,E05,Globant Monterrey,2024,10,October,Q4,Scrum Master,76,20,5,4,5.26,62,Referidos
CNT01179,E05,Globant Monterrey,2024,10,October,Q4,Project Manager,16,7,1,0,0.0,45,Referidos
CNT01180,E05,Globant Monterrey,2024,10,October,Q4,Cybersecurity Analyst,57,24,8,5,8.77,27,Csoftmty Jobs
CNT01181,E05,Globant Monterrey,2024,11,November,Q4,Data Analyst,100,39,15,9,9.0,44,Glassdoor
CNT01182,E05,Globant Monterrey,2024,11,November,Q4,Software Developer,143,52,20,13,9.09,21,LinkedIn
CNT01183,E05,Globant Monterrey,2024,11,November,Q4,Backend Developer,90,28,6,3,3.33,45,Universidad UANL/ITESM
CNT01184,E05,Globant Monterrey,2024,11,November,Q4,Frontend Developer,33,14,3,2,6.06,49,LinkedIn
CNT01185,E05,Globant Monterrey,2024,11,November,Q4,Full Stack Developer,234,99,38,31,13.25,19,Referidos
CNT01186,E05,Globant Monterrey,2024,11,November,Q4,DevOps Engineer,36,10,2,1,2.78,55,Glassdoor
CNT01187,E05,Globant Monterrey,2024,11,November,Q4,Cloud Architect,57,20,6,4,7.02,50,LinkedIn
CNT01188,E05,Globant Monterrey,2024,11,November,Q4,Project Manager,28,7,2,1,3.57,44,LinkedIn
CNT01189,E05,Globant Monterrey,2024,11,November,Q4,Cybersecurity Analyst,70,29,9,5,7.14,49,Csoftmty Jobs
CNT01190,E05,Globant Monterrey,2024,12,December,Q4,Data Analyst,44,13,3,2,4.55,21,LinkedIn
CNT01191,E05,Globant Monterrey,2024,12,December,Q4,Software Developer,342,88,17,11,3.22,58,LinkedIn
CNT01192,E05,Globant Monterrey,2024,12,December,Q4,Backend Developer,112,29,11,7,6.25,36,LinkedIn
CNT01193,E05,Globant Monterrey,2024,12,December,Q4,Frontend Developer,78,19,4,3,3.85,63,LinkedIn
CNT01194,E05,Globant Monterrey,2024,12,December,Q4,Full Stack Developer,85,31,6,5,5.88,24,Referidos
CNT01195,E05,Globant Monterrey,2024,12,December,Q4,DevOps Engineer,72,29,8,6,8.33,44,LinkedIn
CNT01196,E05,Globant Monterrey,2024,12,December,Q4,Cloud Architect,28,7,2,1,3.57,30,Csoftmty Jobs
CNT01197,E05,Globant Monterrey,2024,12,December,Q4,Scrum Master,90,35,7,5,5.56,52,LinkedIn
CNT01198,E05,Globant Monterrey,2024,12,December,Q4,Project Manager,36,15,5,3,8.33,32,Referidos
CNT01199,E05,Globant Monterrey,2024,12,December,Q4,Cybersecurity Analyst,84,24,9,5,5.95,24,Glassdoor
CNT01200,E06,BairesDev,2023,1,January,Q1,Data Analyst,80,25,9,7,8.75,51,OCC Mundial
CNT01201,E06,BairesDev,2023,1,January,Q1,Software Developer,170,73,17,13,7.65,60,OCC Mundial
CNT01202,E06,BairesDev,2023,1,January,Q1,Backend Developer,84,24,4,2,2.38,50,LinkedIn
CNT01203,E06,BairesDev,2023,1,January,Q1,Frontend Developer,68,28,8,5,7.35,43,OCC Mundial
CNT01204,E06,BairesDev,2023,1,January,Q1,Full Stack Developer,56,16,4,3,5.36,37,OCC Mundial
CNT01205,E06,BairesDev,2023,1,January,Q1,DevOps Engineer,54,19,7,5,9.26,39,OCC Mundial
CNT01206,E06,BairesDev,2023,1,January,Q1,Cloud Architect,30,9,2,1,3.33,18,LinkedIn
CNT01207,E06,BairesDev,2023,1,January,Q1,Scrum Master,57,21,4,2,3.51,26,OCC Mundial
CNT01208,E06,BairesDev,2023,1,January,Q1,Project Manager,45,11,2,1,2.22,43,LinkedIn
CNT01209,E06,BairesDev,2023,1,January,Q1,Cybersecurity Analyst,75,21,6,4,5.33,19,Referidos
CNT01210,E06,BairesDev,2023,2,February,Q1,Data Analyst,133,35,10,8,6.02,26,Universidad UANL/ITESM
CNT01211,E06,BairesDev,2023,2,February,Q1,Software Developer,96,42,11,9,9.38,34,LinkedIn
CNT01212,E06,BairesDev,2023,2,February,Q1,Backend Developer,66,18,6,4,6.06,56,LinkedIn
CNT01213,E06,BairesDev,2023,2,February,Q1,Frontend Developer,40,17,6,4,10.0,22,LinkedIn
CNT01214,E06,BairesDev,2023,2,February,Q1,Full Stack Developer,105,31,8,4,3.81,22,Glassdoor
CNT01215,E06,BairesDev,2023,2,February,Q1,DevOps Engineer,8,2,1,0,0.0,22,OCC Mundial
CNT01216,E06,BairesDev,2023,2,February,Q1,Cloud Architect,48,19,4,2,4.17,55,LinkedIn
CNT01217,E06,BairesDev,2023,2,February,Q1,Scrum Master,20,6,1,0,0.0,22,Referidos
CNT01218,E06,BairesDev,2023,2,February,Q1,Project Manager,76,21,7,5,6.58,24,Universidad UANL/ITESM
CNT01219,E06,BairesDev,2023,2,February,Q1,Cybersecurity Analyst,48,17,4,2,4.17,37,Csoftmty Jobs
CNT01220,E06,BairesDev,2023,3,March,Q1,Data Analyst,16,5,1,0,0.0,60,Universidad UANL/ITESM
CNT01221,E06,BairesDev,2023,3,March,Q1,Software Developer,99,41,10,6,6.06,24,OCC Mundial
CNT01222,E06,BairesDev,2023,3,March,Q1,Backend Developer,33,9,2,1,3.03,20,Glassdoor
CNT01223,E06,BairesDev,2023,3,March,Q1,Frontend Developer,44,17,5,4,9.09,35,Referidos
CNT01224,E06,BairesDev,2023,3,March,Q1,Full Stack Developer,133,37,9,7,5.26,39,Csoftmty Jobs
CNT01225,E06,BairesDev,2023,3,March,Q1,DevOps Engineer,30,7,1,0,0.0,47,OCC Mundial
CNT01226,E06,BairesDev,2023,3,March,Q1,Cloud Architect,22,9,2,1,4.55,50,LinkedIn
CNT01227,E06,BairesDev,2023,3,March,Q1,Scrum Master,45,12,4,2,4.44,23,LinkedIn
CNT01228,E06,BairesDev,2023,3,March,Q1,Project Manager,64,23,5,3,4.69,24,LinkedIn
CNT01229,E06,BairesDev,2023,3,March,Q1,Cybersecurity Analyst,22,6,1,0,0.0,25,Glassdoor
CNT01230,E06,BairesDev,2023,4,April,Q2,Data Analyst,98,24,6,3,3.06,35,LinkedIn
CNT01231,E06,BairesDev,2023,4,April,Q2,Software Developer,100,29,9,7,7.0,18,LinkedIn
CNT01232,E06,BairesDev,2023,4,April,Q2,Backend Developer,64,18,5,4,6.25,32,Universidad UANL/ITESM
CNT01233,E06,BairesDev,2023,4,April,Q2,Frontend Developer,32,10,2,1,3.12,39,LinkedIn
CNT01234,E06,BairesDev,2023,4,April,Q2,Full Stack Developer,114,41,8,5,4.39,25,LinkedIn
CNT01235,E06,BairesDev,2023,4,April,Q2,DevOps Engineer,68,25,8,5,7.35,29,Referidos
CNT01236,E06,BairesDev,2023,4,April,Q2,Cloud Architect,26,8,1,0,0.0,36,Csoftmty Jobs
CNT01237,E06,BairesDev,2023,4,April,Q2,Scrum Master,56,23,5,3,5.36,21,LinkedIn
CNT01238,E06,BairesDev,2023,4,April,Q2,Project Manager,27,11,3,2,7.41,29,Csoftmty Jobs
CNT01239,E06,BairesDev,2023,4,April,Q2,Cybersecurity Analyst,22,6,1,0,0.0,20,Referidos
CNT01240,E06,BairesDev,2023,5,May,Q2,Data Analyst,72,20,7,5,6.94,64,Referidos
CNT01241,E06,BairesDev,2023,5,May,Q2,Software Developer,255,64,20,12,4.71,23,Referidos
CNT01242,E06,BairesDev,2023,5,May,Q2,Backend Developer,102,27,6,4,3.92,48,Referidos
CNT01243,E06,BairesDev,2023,5,May,Q2,Frontend Developer,84,21,7,5,5.95,20,Referidos
CNT01244,E06,BairesDev,2023,5,May,Q2,Full Stack Developer,65,19,4,3,4.62,30,Referidos
CNT01245,E06,BairesDev,2023,5,May,Q2,DevOps Engineer,45,11,3,1,2.22,53,Referidos
CNT01246,E06,BairesDev,2023,5,May,Q2,Cloud Architect,18,5,1,0,0.0,40,LinkedIn
CNT01247,E06,BairesDev,2023,5,May,Q2,Scrum Master,16,6,2,1,6.25,48,Referidos
CNT01248,E06,BairesDev,2023,5,May,Q2,Project Manager,45,18,6,4,8.89,43,OCC Mundial
CNT01249,E06,BairesDev,2023,5,May,Q2,Cybersecurity Analyst,42,16,5,3,7.14,20,LinkedIn
CNT01250,E06,BairesDev,2023,6,June,Q2,Data Analyst,88,32,12,8,9.09,57,OCC Mundial
CNT01251,E06,BairesDev,2023,6,June,Q2,Software Developer,133,41,12,10,7.52,64,Referidos
CNT01252,E06,BairesDev,2023,6,June,Q2,Backend Developer,90,30,10,7,7.78,60,OCC Mundial
CNT01253,E06,BairesDev,2023,6,June,Q2,Frontend Developer,153,55,11,6,3.92,51,LinkedIn
CNT01254,E06,BairesDev,2023,6,June,Q2,Full Stack Developer,95,30,8,6,6.32,24,LinkedIn
CNT01255,E06,BairesDev,2023,6,June,Q2,DevOps Engineer,68,29,11,9,13.24,37,LinkedIn
CNT01256,E06,BairesDev,2023,6,June,Q2,Cloud Architect,5,1,1,0,0.0,52,Glassdoor
CNT01257,E06,BairesDev,2023,6,June,Q2,Scrum Master,22,8,2,1,4.55,58,LinkedIn
CNT01258,E06,BairesDev,2023,6,June,Q2,Project Manager,30,13,4,2,6.67,39,LinkedIn
CNT01259,E06,BairesDev,2023,6,June,Q2,Cybersecurity Analyst,24,9,2,1,4.17,35,Referidos
CNT01260,E06,BairesDev,2023,7,July,Q3,Data Analyst,180,72,19,14,7.78,34,LinkedIn
CNT01261,E06,BairesDev,2023,7,July,Q3,Software Developer,90,39,12,7,7.78,55,OCC Mundial
CNT01262,E06,BairesDev,2023,7,July,Q3,Backend Developer,108,34,10,6,5.56,42,OCC Mundial
CNT01263,E06,BairesDev,2023,7,July,Q3,Frontend Developer,36,13,3,2,5.56,54,Csoftmty Jobs
CNT01264,E06,BairesDev,2023,7,July,Q3,Full Stack Developer,154,57,14,10,6.49,19,Glassdoor
CNT01265,E06,BairesDev,2023,7,July,Q3,DevOps Engineer,57,23,7,4,7.02,37,Referidos
CNT01266,E06,BairesDev,2023,7,July,Q3,Cloud Architect,30,9,3,2,6.67,29,Glassdoor
CNT01267,E06,BairesDev,2023,7,July,Q3,Project Manager,51,16,4,2,3.92,59,LinkedIn
CNT01268,E06,BairesDev,2023,7,July,Q3,Cybersecurity Analyst,39,10,3,2,5.13,48,LinkedIn
CNT01269,E06,BairesDev,2023,8,August,Q3,Data Analyst,144,51,18,11,7.64,30,Csoftmty Jobs
CNT01270,E06,BairesDev,2023,8,August,Q3,Software Developer,114,50,14,9,7.89,19,Universidad UANL/ITESM
CNT01271,E06,BairesDev,2023,8,August,Q3,Backend Developer,64,23,8,6,9.38,58,LinkedIn
CNT01272,E06,BairesDev,2023,8,August,Q3,Frontend Developer,80,24,7,5,6.25,37,OCC Mundial
CNT01273,E06,BairesDev,2023,8,August,Q3,Full Stack Developer,36,15,3,2,5.56,59,Csoftmty Jobs
CNT01274,E06,BairesDev,2023,8,August,Q3,DevOps Engineer,48,16,4,2,4.17,29,Csoftmty Jobs
CNT01275,E06,BairesDev,2023,8,August,Q3,Cloud Architect,20,5,1,0,0.0,59,OCC Mundial
CNT01276,E06,BairesDev,2023,8,August,Q3,Scrum Master,30,11,3,2,6.67,52,Glassdoor
CNT01277,E06,BairesDev,2023,8,August,Q3,Project Manager,17,6,1,0,0.0,37,OCC Mundial
CNT01278,E06,BairesDev,2023,8,August,Q3,Cybersecurity Analyst,36,10,2,1,2.78,52,Csoftmty Jobs
CNT01279,E06,BairesDev,2023,9,September,Q3,Data Analyst,99,27,10,6,6.06,59,Glassdoor
CNT01280,E06,BairesDev,2023,9,September,Q3,Software Developer,120,52,12,8,6.67,43,LinkedIn
CNT01281,E06,BairesDev,2023,9,September,Q3,Backend Developer,91,29,11,6,6.59,64,Glassdoor
CNT01282,E06,BairesDev,2023,9,September,Q3,Frontend Developer,96,33,10,6,6.25,51,LinkedIn
CNT01283,E06,BairesDev,2023,9,September,Q3,Full Stack Developer,16,6,1,0,0.0,32,Referidos
CNT01284,E06,BairesDev,2023,9,September,Q3,DevOps Engineer,39,13,4,3,7.69,45,LinkedIn
CNT01285,E06,BairesDev,2023,9,September,Q3,Cloud Architect,54,20,5,3,5.56,48,Referidos
CNT01286,E06,BairesDev,2023,9,September,Q3,Scrum Master,30,11,2,1,3.33,29,OCC Mundial
CNT01287,E06,BairesDev,2023,9,September,Q3,Project Manager,70,31,8,5,7.14,57,LinkedIn
CNT01288,E06,BairesDev,2023,9,September,Q3,Cybersecurity Analyst,54,21,5,3,5.56,29,OCC Mundial
CNT01289,E06,BairesDev,2023,10,October,Q4,Data Analyst,72,26,6,4,5.56,53,Glassdoor
CNT01290,E06,BairesDev,2023,10,October,Q4,Software Developer,156,47,16,11,7.05,46,Glassdoor
CNT01291,E06,BairesDev,2023,10,October,Q4,Backend Developer,90,28,6,3,3.33,63,Glassdoor
CNT01292,E06,BairesDev,2023,10,October,Q4,Frontend Developer,75,29,10,7,9.33,53,LinkedIn
CNT01293,E06,BairesDev,2023,10,October,Q4,Full Stack Developer,66,27,8,6,9.09,54,LinkedIn
CNT01294,E06,BairesDev,2023,10,October,Q4,DevOps Engineer,72,21,4,2,2.78,32,OCC Mundial
CNT01295,E06,BairesDev,2023,10,October,Q4,Cloud Architect,70,29,10,8,11.43,31,OCC Mundial
CNT01296,E06,BairesDev,2023,10,October,Q4,Scrum Master,26,11,3,1,3.85,46,Csoftmty Jobs
CNT01297,E06,BairesDev,2023,10,October,Q4,Project Manager,30,11,3,2,6.67,41,Glassdoor
CNT01298,E06,BairesDev,2023,10,October,Q4,Cybersecurity Analyst,32,13,3,1,3.12,63,OCC Mundial
CNT01299,E06,BairesDev,2023,11,November,Q4,Data Analyst,63,23,4,3,4.76,43,LinkedIn
CNT01300,E06,BairesDev,2023,11,November,Q4,Software Developer,90,23,9,5,5.56,57,LinkedIn
CNT01301,E06,BairesDev,2023,11,November,Q4,Backend Developer,133,34,10,7,5.26,54,Universidad UANL/ITESM
CNT01302,E06,BairesDev,2023,11,November,Q4,Frontend Developer,33,10,3,2,6.06,57,Csoftmty Jobs
CNT01303,E06,BairesDev,2023,11,November,Q4,Full Stack Developer,99,36,14,12,12.12,31,OCC Mundial
CNT01304,E06,BairesDev,2023,11,November,Q4,DevOps Engineer,52,14,5,4,7.69,27,OCC Mundial
CNT01305,E06,BairesDev,2023,11,November,Q4,Cloud Architect,48,13,3,2,4.17,62,LinkedIn
CNT01306,E06,BairesDev,2023,11,November,Q4,Scrum Master,39,14,4,2,5.13,57,OCC Mundial
CNT01307,E06,BairesDev,2023,11,November,Q4,Project Manager,54,17,3,2,3.7,39,OCC Mundial
CNT01308,E06,BairesDev,2023,11,November,Q4,Cybersecurity Analyst,144,59,13,8,5.56,33,LinkedIn
CNT01309,E06,BairesDev,2023,12,December,Q4,Data Analyst,90,24,6,4,4.44,27,LinkedIn
CNT01310,E06,BairesDev,2023,12,December,Q4,Software Developer,238,63,22,17,7.14,39,LinkedIn
CNT01311,E06,BairesDev,2023,12,December,Q4,Backend Developer,119,40,14,12,10.08,27,Glassdoor
CNT01312,E06,BairesDev,2023,12,December,Q4,Frontend Developer,16,6,2,1,6.25,34,Glassdoor
CNT01313,E06,BairesDev,2023,12,December,Q4,Full Stack Developer,108,31,10,8,7.41,29,LinkedIn
CNT01314,E06,BairesDev,2023,12,December,Q4,DevOps Engineer,30,10,3,2,6.67,31,Glassdoor
CNT01315,E06,BairesDev,2023,12,December,Q4,Cloud Architect,57,19,5,4,7.02,21,OCC Mundial
CNT01316,E06,BairesDev,2023,12,December,Q4,Scrum Master,22,7,1,0,0.0,23,LinkedIn
CNT01317,E06,BairesDev,2023,12,December,Q4,Project Manager,39,12,4,3,7.69,45,LinkedIn
CNT01318,E06,BairesDev,2023,12,December,Q4,Cybersecurity Analyst,5,1,1,0,0.0,41,Glassdoor
CNT01319,E06,BairesDev,2024,1,January,Q1,Data Analyst,30,10,2,1,3.33,46,OCC Mundial
CNT01320,E06,BairesDev,2024,1,January,Q1,Software Developer,126,36,12,7,5.56,24,Csoftmty Jobs
CNT01321,E06,BairesDev,2024,1,January,Q1,Backend Developer,135,37,11,7,5.19,33,Glassdoor
CNT01322,E06,BairesDev,2024,1,January,Q1,Frontend Developer,50,16,4,2,4.0,43,Referidos
CNT01323,E06,BairesDev,2024,1,January,Q1,Full Stack Developer,119,44,12,7,5.88,55,Glassdoor
CNT01324,E06,BairesDev,2024,1,January,Q1,DevOps Engineer,72,21,4,2,2.78,56,Csoftmty Jobs
CNT01325,E06,BairesDev,2024,1,January,Q1,Cloud Architect,24,6,1,0,0.0,42,OCC Mundial
CNT01326,E06,BairesDev,2024,1,January,Q1,Scrum Master,51,16,6,4,7.84,56,Glassdoor
CNT01327,E06,BairesDev,2024,1,January,Q1,Project Manager,39,11,3,2,5.13,55,Universidad UANL/ITESM
CNT01328,E06,BairesDev,2024,1,January,Q1,Cybersecurity Analyst,45,11,3,2,4.44,32,Referidos
CNT01329,E06,BairesDev,2024,2,February,Q1,Data Analyst,76,28,5,3,3.95,27,LinkedIn
CNT01330,E06,BairesDev,2024,2,February,Q1,Software Developer,208,79,30,24,11.54,22,OCC Mundial
CNT01331,E06,BairesDev,2024,2,February,Q1,Backend Developer,68,24,8,6,8.82,34,Glassdoor
CNT01332,E06,BairesDev,2024,2,February,Q1,Frontend Developer,24,9,2,1,4.17,34,Referidos
CNT01333,E06,BairesDev,2024,2,February,Q1,Full Stack Developer,64,18,5,4,6.25,33,OCC Mundial
CNT01334,E06,BairesDev,2024,2,February,Q1,DevOps Engineer,57,16,5,4,7.02,62,LinkedIn
CNT01335,E06,BairesDev,2024,2,February,Q1,Cloud Architect,22,8,2,1,4.55,52,LinkedIn
CNT01336,E06,BairesDev,2024,2,February,Q1,Scrum Master,18,7,1,0,0.0,36,Glassdoor
CNT01337,E06,BairesDev,2024,2,February,Q1,Project Manager,18,8,2,1,5.56,26,OCC Mundial
CNT01338,E06,BairesDev,2024,2,February,Q1,Cybersecurity Analyst,60,25,9,5,8.33,59,LinkedIn
CNT01339,E06,BairesDev,2024,3,March,Q1,Data Analyst,52,16,6,3,5.77,56,LinkedIn
CNT01340,E06,BairesDev,2024,3,March,Q1,Software Developer,247,64,24,16,6.48,30,Glassdoor
CNT01341,E06,BairesDev,2024,3,March,Q1,Backend Developer,126,37,9,7,5.56,58,LinkedIn
CNT01342,E06,BairesDev,2024,3,March,Q1,Frontend Developer,39,13,4,2,5.13,57,LinkedIn
CNT01343,E06,BairesDev,2024,3,March,Q1,Full Stack Developer,39,9,2,1,2.56,61,Referidos
CNT01344,E06,BairesDev,2024,3,March,Q1,DevOps Engineer,63,19,5,3,4.76,51,LinkedIn
CNT01345,E06,BairesDev,2024,3,March,Q1,Cloud Architect,8,2,1,0,0.0,36,Referidos
CNT01346,E06,BairesDev,2024,3,March,Q1,Scrum Master,17,7,2,1,5.88,57,LinkedIn
CNT01347,E06,BairesDev,2024,3,March,Q1,Project Manager,56,16,5,3,5.36,43,LinkedIn
CNT01348,E06,BairesDev,2024,3,March,Q1,Cybersecurity Analyst,28,9,3,2,7.14,62,LinkedIn
CNT01349,E06,BairesDev,2024,4,April,Q2,Data Analyst,40,12,2,1,2.5,20,Universidad UANL/ITESM
CNT01350,E06,BairesDev,2024,4,April,Q2,Software Developer,121,44,13,11,9.09,61,OCC Mundial
CNT01351,E06,BairesDev,2024,4,April,Q2,Backend Developer,84,24,5,3,3.57,49,Referidos
CNT01352,E06,BairesDev,2024,4,April,Q2,Frontend Developer,114,49,10,7,6.14,29,OCC Mundial
CNT01353,E06,BairesDev,2024,4,April,Q2,Full Stack Developer,90,37,8,5,5.56,30,LinkedIn
CNT01354,E06,BairesDev,2024,4,April,Q2,DevOps Engineer,48,19,6,5,10.42,36,Csoftmty Jobs
CNT01355,E06,BairesDev,2024,4,April,Q2,Cloud Architect,48,16,6,4,8.33,41,Glassdoor
CNT01356,E06,BairesDev,2024,4,April,Q2,Scrum Master,140,53,14,9,6.43,45,Referidos
CNT01357,E06,BairesDev,2024,4,April,Q2,Project Manager,42,18,6,4,9.52,52,OCC Mundial
CNT01358,E06,BairesDev,2024,4,April,Q2,Cybersecurity Analyst,76,25,6,4,5.26,59,LinkedIn
CNT01359,E06,BairesDev,2024,5,May,Q2,Data Analyst,55,16,4,2,3.64,42,OCC Mundial
CNT01360,E06,BairesDev,2024,5,May,Q2,Software Developer,225,99,37,29,12.89,38,Referidos
CNT01361,E06,BairesDev,2024,5,May,Q2,Backend Developer,32,14,5,4,12.5,20,Universidad UANL/ITESM
CNT01362,E06,BairesDev,2024,5,May,Q2,Frontend Developer,75,25,6,5,6.67,52,Glassdoor
CNT01363,E06,BairesDev,2024,5,May,Q2,Full Stack Developer,52,15,4,3,5.77,60,Glassdoor
CNT01364,E06,BairesDev,2024,5,May,Q2,DevOps Engineer,20,6,1,0,0.0,64,OCC Mundial
CNT01365,E06,BairesDev,2024,5,May,Q2,Cloud Architect,26,11,3,2,7.69,27,LinkedIn
CNT01366,E06,BairesDev,2024,5,May,Q2,Scrum Master,54,20,4,2,3.7,42,OCC Mundial
CNT01367,E06,BairesDev,2024,5,May,Q2,Project Manager,36,13,4,3,8.33,49,OCC Mundial
CNT01368,E06,BairesDev,2024,5,May,Q2,Cybersecurity Analyst,64,25,5,3,4.69,53,Referidos
CNT01369,E06,BairesDev,2024,6,June,Q2,Data Analyst,55,22,5,3,5.45,42,LinkedIn
CNT01370,E06,BairesDev,2024,6,June,Q2,Software Developer,144,55,21,16,11.11,48,OCC Mundial
CNT01371,E06,BairesDev,2024,6,June,Q2,Backend Developer,72,29,10,8,11.11,35,Referidos
CNT01372,E06,BairesDev,2024,6,June,Q2,Frontend Developer,72,24,6,5,6.94,43,OCC Mundial
CNT01373,E06,BairesDev,2024,6,June,Q2,Full Stack Developer,132,59,12,9,6.82,41,LinkedIn
CNT01374,E06,BairesDev,2024,6,June,Q2,DevOps Engineer,55,23,5,3,5.45,43,LinkedIn
CNT01375,E06,BairesDev,2024,6,June,Q2,Cloud Architect,28,10,3,2,7.14,61,Referidos
CNT01376,E06,BairesDev,2024,6,June,Q2,Scrum Master,30,10,2,1,3.33,38,LinkedIn
CNT01377,E06,BairesDev,2024,6,June,Q2,Project Manager,38,13,4,2,5.26,41,Universidad UANL/ITESM
CNT01378,E06,BairesDev,2024,6,June,Q2,Cybersecurity Analyst,40,17,3,1,2.5,53,Referidos
CNT01379,E06,BairesDev,2024,7,July,Q3,Data Analyst,45,14,4,3,6.67,35,Csoftmty Jobs
CNT01380,E06,BairesDev,2024,7,July,Q3,Software Developer,176,58,11,9,5.11,36,Glassdoor
CNT01381,E06,BairesDev,2024,7,July,Q3,Backend Developer,112,30,10,7,6.25,60,Universidad UANL/ITESM
CNT01382,E06,BairesDev,2024,7,July,Q3,Frontend Developer,135,43,17,13,9.63,46,Universidad UANL/ITESM
CNT01383,E06,BairesDev,2024,7,July,Q3,Full Stack Developer,48,15,3,2,4.17,42,Glassdoor
CNT01384,E06,BairesDev,2024,7,July,Q3,DevOps Engineer,65,29,11,7,10.77,57,OCC Mundial
CNT01385,E06,BairesDev,2024,7,July,Q3,Cloud Architect,30,8,1,0,0.0,37,LinkedIn
CNT01386,E06,BairesDev,2024,7,July,Q3,Scrum Master,13,4,1,0,0.0,51,Referidos
CNT01387,E06,BairesDev,2024,7,July,Q3,Project Manager,56,24,8,4,7.14,29,OCC Mundial
CNT01388,E06,BairesDev,2024,7,July,Q3,Cybersecurity Analyst,33,14,4,3,9.09,29,LinkedIn
CNT01389,E06,BairesDev,2024,8,August,Q3,Data Analyst,119,30,6,3,2.52,60,Glassdoor
CNT01390,E06,BairesDev,2024,8,August,Q3,Software Developer,144,63,13,8,5.56,42,LinkedIn
CNT01391,E06,BairesDev,2024,8,August,Q3,Backend Developer,119,51,17,15,12.61,45,Glassdoor
CNT01392,E06,BairesDev,2024,8,August,Q3,Frontend Developer,30,8,2,1,3.33,46,Csoftmty Jobs
CNT01393,E06,BairesDev,2024,8,August,Q3,Full Stack Developer,88,36,14,12,13.64,60,Referidos
CNT01394,E06,BairesDev,2024,8,August,Q3,DevOps Engineer,70,20,5,3,4.29,41,Referidos
CNT01395,E06,BairesDev,2024,8,August,Q3,Cloud Architect,5,2,1,0,0.0,61,Referidos
CNT01396,E06,BairesDev,2024,8,August,Q3,Scrum Master,22,6,1,0,0.0,50,LinkedIn
CNT01397,E06,BairesDev,2024,8,August,Q3,Project Manager,26,7,2,1,3.85,31,Glassdoor
CNT01398,E06,BairesDev,2024,8,August,Q3,Cybersecurity Analyst,27,7,1,0,0.0,43,OCC Mundial
CNT01399,E06,BairesDev,2024,9,September,Q3,Data Analyst,60,23,8,6,10.0,33,Referidos
CNT01400,E06,BairesDev,2024,9,September,Q3,Software Developer,170,59,13,9,5.29,57,LinkedIn
CNT01401,E06,BairesDev,2024,9,September,Q3,Backend Developer,72,19,5,3,4.17,30,LinkedIn
CNT01402,E06,BairesDev,2024,9,September,Q3,Frontend Developer,52,15,4,3,5.77,22,LinkedIn
CNT01403,E06,BairesDev,2024,9,September,Q3,Full Stack Developer,114,48,14,9,7.89,25,Universidad UANL/ITESM
CNT01404,E06,BairesDev,2024,9,September,Q3,DevOps Engineer,33,12,4,2,6.06,34,LinkedIn
CNT01405,E06,BairesDev,2024,9,September,Q3,Cloud Architect,27,11,3,2,7.41,50,OCC Mundial
CNT01406,E06,BairesDev,2024,9,September,Q3,Scrum Master,60,18,6,5,8.33,37,Universidad UANL/ITESM
CNT01407,E06,BairesDev,2024,9,September,Q3,Project Manager,10,4,1,0,0.0,29,Referidos
CNT01408,E06,BairesDev,2024,9,September,Q3,Cybersecurity Analyst,102,30,9,5,4.9,21,LinkedIn
CNT01409,E06,BairesDev,2024,10,October,Q4,Data Analyst,75,23,8,6,8.0,55,Csoftmty Jobs
CNT01410,E06,BairesDev,2024,10,October,Q4,Software Developer,154,61,17,10,6.49,53,LinkedIn
CNT01411,E06,BairesDev,2024,10,October,Q4,Backend Developer,80,27,9,6,7.5,48,LinkedIn
CNT01412,E06,BairesDev,2024,10,October,Q4,Frontend Developer,39,15,4,3,7.69,46,Glassdoor
CNT01413,E06,BairesDev,2024,10,October,Q4,Full Stack Developer,72,31,6,3,4.17,20,LinkedIn
CNT01414,E06,BairesDev,2024,10,October,Q4,DevOps Engineer,30,7,1,0,0.0,56,OCC Mundial
CNT01415,E06,BairesDev,2024,10,October,Q4,Cloud Architect,19,6,1,0,0.0,26,OCC Mundial
CNT01416,E06,BairesDev,2024,10,October,Q4,Scrum Master,36,11,4,3,8.33,50,OCC Mundial
CNT01417,E06,BairesDev,2024,10,October,Q4,Project Manager,10,2,1,0,0.0,48,Referidos
CNT01418,E06,BairesDev,2024,10,October,Q4,Cybersecurity Analyst,126,39,8,6,4.76,27,Glassdoor
CNT01419,E06,BairesDev,2024,11,November,Q4,Data Analyst,80,25,7,5,6.25,55,Referidos
CNT01420,E06,BairesDev,2024,11,November,Q4,Software Developer,144,62,23,20,13.89,63,Glassdoor
CNT01421,E06,BairesDev,2024,11,November,Q4,Backend Developer,78,25,7,4,5.13,64,OCC Mundial
CNT01422,E06,BairesDev,2024,11,November,Q4,Frontend Developer,36,13,5,3,8.33,31,Universidad UANL/ITESM
CNT01423,E06,BairesDev,2024,11,November,Q4,Full Stack Developer,136,57,19,15,11.03,43,Csoftmty Jobs
CNT01424,E06,BairesDev,2024,11,November,Q4,DevOps Engineer,13,4,1,0,0.0,31,OCC Mundial
CNT01425,E06,BairesDev,2024,11,November,Q4,Cloud Architect,39,17,5,4,10.26,48,Referidos
CNT01426,E06,BairesDev,2024,11,November,Q4,Scrum Master,27,9,3,2,7.41,35,Referidos
CNT01427,E06,BairesDev,2024,11,November,Q4,Project Manager,24,7,2,1,4.17,37,LinkedIn
CNT01428,E06,BairesDev,2024,11,November,Q4,Cybersecurity Analyst,60,25,8,6,10.0,22,Glassdoor
CNT01429,E06,BairesDev,2024,12,December,Q4,Data Analyst,60,18,6,4,6.67,54,LinkedIn
CNT01430,E06,BairesDev,2024,12,December,Q4,Software Developer,100,35,11,8,8.0,48,LinkedIn
CNT01431,E06,BairesDev,2024,12,December,Q4,Backend Developer,136,42,14,9,6.62,50,Referidos
CNT01432,E06,BairesDev,2024,12,December,Q4,Frontend Developer,30,9,2,1,3.33,26,LinkedIn
CNT01433,E06,BairesDev,2024,12,December,Q4,Full Stack Developer,45,18,5,4,8.89,20,Universidad UANL/ITESM
CNT01434,E06,BairesDev,2024,12,December,Q4,DevOps Engineer,18,6,2,1,5.56,59,OCC Mundial
CNT01435,E06,BairesDev,2024,12,December,Q4,Cloud Architect,72,31,10,8,11.11,45,LinkedIn
CNT01436,E06,BairesDev,2024,12,December,Q4,Scrum Master,40,11,3,2,5.0,24,LinkedIn
CNT01437,E06,BairesDev,2024,12,December,Q4,Project Manager,84,35,8,6,7.14,20,LinkedIn
CNT01438,E06,BairesDev,2024,12,December,Q4,Cybersecurity Analyst,18,5,1,0,0.0,30,LinkedIn
CNT01439,E07,Hexaware Technologies,2023,1,January,Q1,Data Analyst,56,22,8,5,8.93,56,LinkedIn
CNT01440,E07,Hexaware Technologies,2023,1,January,Q1,Software Developer,85,21,4,2,2.35,35,OCC Mundial
CNT01441,E07,Hexaware Technologies,2023,1,January,Q1,Backend Developer,91,35,10,7,7.69,36,Csoftmty Jobs
CNT01442,E07,Hexaware Technologies,2023,1,January,Q1,Frontend Developer,48,20,6,3,6.25,41,LinkedIn
CNT01443,E07,Hexaware Technologies,2023,1,January,Q1,Full Stack Developer,24,6,2,1,4.17,34,Glassdoor
CNT01444,E07,Hexaware Technologies,2023,1,January,Q1,DevOps Engineer,32,12,3,2,6.25,57,OCC Mundial
CNT01445,E07,Hexaware Technologies,2023,1,January,Q1,Cloud Architect,5,1,1,0,0.0,41,LinkedIn
CNT01446,E07,Hexaware Technologies,2023,1,January,Q1,Scrum Master,11,2,1,0,0.0,25,Referidos
CNT01447,E07,Hexaware Technologies,2023,1,January,Q1,Cybersecurity Analyst,30,8,1,0,0.0,27,LinkedIn
CNT01448,E07,Hexaware Technologies,2023,2,February,Q1,Data Analyst,56,17,6,4,7.14,52,LinkedIn
CNT01449,E07,Hexaware Technologies,2023,2,February,Q1,Software Developer,65,20,7,5,7.69,51,Glassdoor
CNT01450,E07,Hexaware Technologies,2023,2,February,Q1,Backend Developer,144,48,13,11,7.64,62,Csoftmty Jobs
CNT01451,E07,Hexaware Technologies,2023,2,February,Q1,Frontend Developer,57,17,6,5,8.77,58,OCC Mundial
CNT01452,E07,Hexaware Technologies,2023,2,February,Q1,Full Stack Developer,44,17,6,4,9.09,38,Glassdoor
CNT01453,E07,Hexaware Technologies,2023,2,February,Q1,DevOps Engineer,36,11,4,2,5.56,49,LinkedIn
CNT01454,E07,Hexaware Technologies,2023,2,February,Q1,Cloud Architect,30,10,2,1,3.33,54,Glassdoor
CNT01455,E07,Hexaware Technologies,2023,2,February,Q1,Scrum Master,40,11,4,2,5.0,59,Universidad UANL/ITESM
CNT01456,E07,Hexaware Technologies,2023,2,February,Q1,Project Manager,11,4,1,0,0.0,36,OCC Mundial
CNT01457,E07,Hexaware Technologies,2023,2,February,Q1,Cybersecurity Analyst,54,23,5,4,7.41,44,LinkedIn
CNT01458,E07,Hexaware Technologies,2023,3,March,Q1,Data Analyst,180,71,23,16,8.89,37,LinkedIn
CNT01459,E07,Hexaware Technologies,2023,3,March,Q1,Software Developer,56,22,4,3,5.36,31,LinkedIn
CNT01460,E07,Hexaware Technologies,2023,3,March,Q1,Backend Developer,54,20,6,4,7.41,26,LinkedIn
CNT01461,E07,Hexaware Technologies,2023,3,March,Q1,Frontend Developer,70,25,7,5,7.14,21,LinkedIn
CNT01462,E07,Hexaware Technologies,2023,3,March,Q1,Full Stack Developer,30,8,1,0,0.0,53,LinkedIn
CNT01463,E07,Hexaware Technologies,2023,3,March,Q1,DevOps Engineer,39,11,3,2,5.13,49,LinkedIn
CNT01464,E07,Hexaware Technologies,2023,3,March,Q1,Cloud Architect,72,30,7,5,6.94,51,Referidos
CNT01465,E07,Hexaware Technologies,2023,3,March,Q1,Scrum Master,22,9,2,1,4.55,64,Csoftmty Jobs
CNT01466,E07,Hexaware Technologies,2023,3,March,Q1,Project Manager,36,13,3,2,5.56,18,Glassdoor
CNT01467,E07,Hexaware Technologies,2023,3,March,Q1,Cybersecurity Analyst,5,2,1,0,0.0,20,OCC Mundial
CNT01468,E07,Hexaware Technologies,2023,4,April,Q2,Data Analyst,108,31,7,4,3.7,50,LinkedIn
CNT01469,E07,Hexaware Technologies,2023,4,April,Q2,Software Developer,32,10,3,2,6.25,64,LinkedIn
CNT01470,E07,Hexaware Technologies,2023,4,April,Q2,Backend Developer,126,37,9,7,5.56,46,LinkedIn
CNT01471,E07,Hexaware Technologies,2023,4,April,Q2,Frontend Developer,40,12,2,1,2.5,30,Universidad UANL/ITESM
CNT01472,E07,Hexaware Technologies,2023,4,April,Q2,Full Stack Developer,90,31,7,4,4.44,48,LinkedIn
CNT01473,E07,Hexaware Technologies,2023,4,April,Q2,DevOps Engineer,42,12,4,3,7.14,39,Referidos
CNT01474,E07,Hexaware Technologies,2023,4,April,Q2,Cloud Architect,85,21,7,5,5.88,51,LinkedIn
CNT01475,E07,Hexaware Technologies,2023,4,April,Q2,Scrum Master,48,13,2,1,2.08,63,Referidos
CNT01476,E07,Hexaware Technologies,2023,4,April,Q2,Project Manager,26,9,3,2,7.69,56,LinkedIn
CNT01477,E07,Hexaware Technologies,2023,4,April,Q2,Cybersecurity Analyst,24,8,2,1,4.17,20,LinkedIn
CNT01478,E07,Hexaware Technologies,2023,5,May,Q2,Data Analyst,110,45,16,13,11.82,20,Csoftmty Jobs
CNT01479,E07,Hexaware Technologies,2023,5,May,Q2,Software Developer,90,30,8,7,7.78,48,OCC Mundial
CNT01480,E07,Hexaware Technologies,2023,5,May,Q2,Backend Developer,112,41,14,11,9.82,58,OCC Mundial
CNT01481,E07,Hexaware Technologies,2023,5,May,Q2,Frontend Developer,34,13,2,1,2.94,36,LinkedIn
CNT01482,E07,Hexaware Technologies,2023,5,May,Q2,Full Stack Developer,56,16,3,2,3.57,18,Universidad UANL/ITESM
CNT01483,E07,Hexaware Technologies,2023,5,May,Q2,DevOps Engineer,44,18,5,4,9.09,48,OCC Mundial
CNT01484,E07,Hexaware Technologies,2023,5,May,Q2,Cloud Architect,16,6,1,0,0.0,61,OCC Mundial
CNT01485,E07,Hexaware Technologies,2023,5,May,Q2,Scrum Master,12,3,1,0,0.0,46,Csoftmty Jobs
CNT01486,E07,Hexaware Technologies,2023,5,May,Q2,Project Manager,38,16,5,4,10.53,60,OCC Mundial
CNT01487,E07,Hexaware Technologies,2023,5,May,Q2,Cybersecurity Analyst,52,22,5,3,5.77,23,LinkedIn
CNT01488,E07,Hexaware Technologies,2023,6,June,Q2,Data Analyst,60,19,5,3,5.0,26,LinkedIn
CNT01489,E07,Hexaware Technologies,2023,6,June,Q2,Software Developer,154,55,18,13,8.44,48,Referidos
CNT01490,E07,Hexaware Technologies,2023,6,June,Q2,Backend Developer,114,48,18,11,9.65,27,Glassdoor
CNT01491,E07,Hexaware Technologies,2023,6,June,Q2,Frontend Developer,108,35,9,7,6.48,34,LinkedIn
CNT01492,E07,Hexaware Technologies,2023,6,June,Q2,Full Stack Developer,36,15,5,4,11.11,61,LinkedIn
CNT01493,E07,Hexaware Technologies,2023,6,June,Q2,DevOps Engineer,14,3,1,0,0.0,46,Referidos
CNT01494,E07,Hexaware Technologies,2023,6,June,Q2,Cloud Architect,90,33,7,6,6.67,58,Glassdoor
CNT01495,E07,Hexaware Technologies,2023,6,June,Q2,Scrum Master,76,23,7,6,7.89,59,OCC Mundial
CNT01496,E07,Hexaware Technologies,2023,6,June,Q2,Project Manager,72,24,7,4,5.56,39,Glassdoor
CNT01497,E07,Hexaware Technologies,2023,6,June,Q2,Cybersecurity Analyst,45,16,3,2,4.44,60,OCC Mundial
CNT01498,E07,Hexaware Technologies,2023,7,July,Q3,Data Analyst,54,20,5,3,5.56,21,Glassdoor
CNT01499,E07,Hexaware Technologies,2023,7,July,Q3,Software Developer,96,30,9,6,6.25,42,LinkedIn
CNT01500,E07,Hexaware Technologies,2023,7,July,Q3,Backend Developer,54,16,4,2,3.7,57,LinkedIn
CNT01501,E07,Hexaware Technologies,2023,7,July,Q3,Frontend Developer,75,32,12,9,12.0,52,LinkedIn
CNT01502,E07,Hexaware Technologies,2023,7,July,Q3,Full Stack Developer,52,18,4,3,5.77,64,Universidad UANL/ITESM
CNT01503,E07,Hexaware Technologies,2023,7,July,Q3,DevOps Engineer,22,8,2,1,4.55,49,Universidad UANL/ITESM
CNT01504,E07,Hexaware Technologies,2023,7,July,Q3,Cloud Architect,8,3,1,0,0.0,34,LinkedIn
CNT01505,E07,Hexaware Technologies,2023,7,July,Q3,Scrum Master,32,9,2,1,3.12,28,OCC Mundial
CNT01506,E07,Hexaware Technologies,2023,7,July,Q3,Project Manager,19,6,1,0,0.0,56,Glassdoor
CNT01507,E07,Hexaware Technologies,2023,7,July,Q3,Cybersecurity Analyst,36,11,2,1,2.78,58,LinkedIn
CNT01508,E07,Hexaware Technologies,2023,8,August,Q3,Data Analyst,72,23,5,3,4.17,59,Referidos
CNT01509,E07,Hexaware Technologies,2023,8,August,Q3,Software Developer,70,22,5,3,4.29,18,LinkedIn
CNT01510,E07,Hexaware Technologies,2023,8,August,Q3,Backend Developer,45,19,4,3,6.67,38,Referidos
CNT01511,E07,Hexaware Technologies,2023,8,August,Q3,Frontend Developer,5,1,1,0,0.0,21,Referidos
CNT01512,E07,Hexaware Technologies,2023,8,August,Q3,Full Stack Developer,133,41,14,12,9.02,20,LinkedIn
CNT01513,E07,Hexaware Technologies,2023,8,August,Q3,DevOps Engineer,33,9,2,1,3.03,47,Referidos
CNT01514,E07,Hexaware Technologies,2023,8,August,Q3,Cloud Architect,12,3,1,0,0.0,52,LinkedIn
CNT01515,E07,Hexaware Technologies,2023,8,August,Q3,Scrum Master,18,7,2,1,5.56,64,Universidad UANL/ITESM
CNT01516,E07,Hexaware Technologies,2023,8,August,Q3,Project Manager,13,3,1,0,0.0,41,OCC Mundial
CNT01517,E07,Hexaware Technologies,2023,8,August,Q3,Cybersecurity Analyst,75,18,4,2,2.67,44,LinkedIn
CNT01518,E07,Hexaware Technologies,2023,9,September,Q3,Data Analyst,80,30,8,4,5.0,43,Referidos
CNT01519,E07,Hexaware Technologies,2023,9,September,Q3,Software Developer,88,23,8,6,6.82,33,Csoftmty Jobs
CNT01520,E07,Hexaware Technologies,2023,9,September,Q3,Backend Developer,39,16,6,4,10.26,57,LinkedIn
CNT01521,E07,Hexaware Technologies,2023,9,September,Q3,Frontend Developer,54,20,6,4,7.41,45,Csoftmty Jobs
CNT01522,E07,Hexaware Technologies,2023,9,September,Q3,Full Stack Developer,56,18,4,3,5.36,60,Glassdoor
CNT01523,E07,Hexaware Technologies,2023,9,September,Q3,DevOps Engineer,38,10,3,1,2.63,44,Glassdoor
CNT01524,E07,Hexaware Technologies,2023,9,September,Q3,Cloud Architect,34,10,2,1,2.94,62,Universidad UANL/ITESM
CNT01525,E07,Hexaware Technologies,2023,9,September,Q3,Scrum Master,9,2,1,0,0.0,45,LinkedIn
CNT01526,E07,Hexaware Technologies,2023,9,September,Q3,Project Manager,27,7,2,1,3.7,34,LinkedIn
CNT01527,E07,Hexaware Technologies,2023,9,September,Q3,Cybersecurity Analyst,17,7,1,0,0.0,33,LinkedIn
CNT01528,E07,Hexaware Technologies,2023,10,October,Q4,Data Analyst,32,12,2,1,3.12,56,Universidad UANL/ITESM
CNT01529,E07,Hexaware Technologies,2023,10,October,Q4,Software Developer,143,41,10,7,4.9,57,LinkedIn
CNT01530,E07,Hexaware Technologies,2023,10,October,Q4,Backend Developer,84,35,13,11,13.1,18,LinkedIn
CNT01531,E07,Hexaware Technologies,2023,10,October,Q4,Frontend Developer,68,22,8,6,8.82,63,Referidos
CNT01532,E07,Hexaware Technologies,2023,10,October,Q4,Full Stack Developer,36,12,2,1,2.78,26,Referidos
CNT01533,E07,Hexaware Technologies,2023,10,October,Q4,DevOps Engineer,38,12,2,1,2.63,54,OCC Mundial
CNT01534,E07,Hexaware Technologies,2023,10,October,Q4,Cloud Architect,57,23,6,4,7.02,27,OCC Mundial
CNT01535,E07,Hexaware Technologies,2023,10,October,Q4,Scrum Master,40,13,4,3,7.5,43,OCC Mundial
CNT01536,E07,Hexaware Technologies,2023,10,October,Q4,Project Manager,64,19,6,4,6.25,25,Universidad UANL/ITESM
CNT01537,E07,Hexaware Technologies,2023,10,October,Q4,Cybersecurity Analyst,17,6,1,0,0.0,33,LinkedIn
CNT01538,E07,Hexaware Technologies,2023,11,November,Q4,Data Analyst,60,22,7,5,8.33,41,OCC Mundial
CNT01539,E07,Hexaware Technologies,2023,11,November,Q4,Software Developer,198,50,13,10,5.05,48,Referidos
CNT01540,E07,Hexaware Technologies,2023,11,November,Q4,Backend Developer,45,16,5,4,8.89,38,OCC Mundial
CNT01541,E07,Hexaware Technologies,2023,11,November,Q4,Frontend Developer,70,30,11,7,10.0,61,Glassdoor
CNT01542,E07,Hexaware Technologies,2023,11,November,Q4,Full Stack Developer,26,10,3,1,3.85,45,LinkedIn
CNT01543,E07,Hexaware Technologies,2023,11,November,Q4,DevOps Engineer,57,25,7,5,8.77,59,Glassdoor
CNT01544,E07,Hexaware Technologies,2023,11,November,Q4,Cloud Architect,32,9,3,1,3.12,55,Universidad UANL/ITESM
CNT01545,E07,Hexaware Technologies,2023,11,November,Q4,Scrum Master,18,7,2,1,5.56,49,LinkedIn
CNT01546,E07,Hexaware Technologies,2023,11,November,Q4,Project Manager,48,13,5,3,6.25,34,Referidos
CNT01547,E07,Hexaware Technologies,2023,11,November,Q4,Cybersecurity Analyst,170,46,12,8,4.71,56,Universidad UANL/ITESM
CNT01548,E07,Hexaware Technologies,2023,12,December,Q4,Data Analyst,45,14,4,2,4.44,32,LinkedIn
CNT01549,E07,Hexaware Technologies,2023,12,December,Q4,Software Developer,126,56,13,10,7.94,28,LinkedIn
CNT01550,E07,Hexaware Technologies,2023,12,December,Q4,Backend Developer,80,24,7,4,5.0,53,LinkedIn
CNT01551,E07,Hexaware Technologies,2023,12,December,Q4,Frontend Developer,33,12,3,2,6.06,54,OCC Mundial
CNT01552,E07,Hexaware Technologies,2023,12,December,Q4,Full Stack Developer,91,40,11,8,8.79,46,OCC Mundial
CNT01553,E07,Hexaware Technologies,2023,12,December,Q4,DevOps Engineer,12,4,1,0,0.0,56,LinkedIn
CNT01554,E07,Hexaware Technologies,2023,12,December,Q4,Cloud Architect,24,7,2,1,4.17,28,Glassdoor
CNT01555,E07,Hexaware Technologies,2023,12,December,Q4,Scrum Master,36,15,3,2,5.56,34,LinkedIn
CNT01556,E07,Hexaware Technologies,2023,12,December,Q4,Project Manager,54,17,6,4,7.41,48,Universidad UANL/ITESM
CNT01557,E07,Hexaware Technologies,2023,12,December,Q4,Cybersecurity Analyst,42,17,3,2,4.76,48,LinkedIn
CNT01558,E07,Hexaware Technologies,2024,1,January,Q1,Data Analyst,120,47,16,12,10.0,40,OCC Mundial
CNT01559,E07,Hexaware Technologies,2024,1,January,Q1,Software Developer,160,54,18,15,9.38,28,OCC Mundial
CNT01560,E07,Hexaware Technologies,2024,1,January,Q1,Backend Developer,105,40,12,9,8.57,22,LinkedIn
CNT01561,E07,Hexaware Technologies,2024,1,January,Q1,Frontend Developer,54,18,5,4,7.41,29,Csoftmty Jobs
CNT01562,E07,Hexaware Technologies,2024,1,January,Q1,Full Stack Developer,112,33,8,6,5.36,24,LinkedIn
CNT01563,E07,Hexaware Technologies,2024,1,January,Q1,DevOps Engineer,36,11,3,2,5.56,52,LinkedIn
CNT01564,E07,Hexaware Technologies,2024,1,January,Q1,Cloud Architect,15,4,1,0,0.0,19,LinkedIn
CNT01565,E07,Hexaware Technologies,2024,1,January,Q1,Scrum Master,38,11,3,2,5.26,43,Referidos
CNT01566,E07,Hexaware Technologies,2024,1,January,Q1,Project Manager,68,18,6,5,7.35,26,Referidos
CNT01567,E07,Hexaware Technologies,2024,1,January,Q1,Cybersecurity Analyst,9,2,1,0,0.0,59,OCC Mundial
CNT01568,E07,Hexaware Technologies,2024,2,February,Q1,Data Analyst,99,26,8,7,7.07,47,OCC Mundial
CNT01569,E07,Hexaware Technologies,2024,2,February,Q1,Software Developer,216,66,18,11,5.09,33,Glassdoor
CNT01570,E07,Hexaware Technologies,2024,2,February,Q1,Backend Developer,32,13,3,2,6.25,24,Referidos
CNT01571,E07,Hexaware Technologies,2024,2,February,Q1,Frontend Developer,27,10,2,1,3.7,19,Referidos
CNT01572,E07,Hexaware Technologies,2024,2,February,Q1,Full Stack Developer,11,4,1,0,0.0,30,Universidad UANL/ITESM
CNT01573,E07,Hexaware Technologies,2024,2,February,Q1,DevOps Engineer,51,15,5,4,7.84,41,Glassdoor
CNT01574,E07,Hexaware Technologies,2024,2,February,Q1,Cloud Architect,56,17,5,3,5.36,45,OCC Mundial
CNT01575,E07,Hexaware Technologies,2024,2,February,Q1,Scrum Master,36,12,2,1,2.78,47,LinkedIn
CNT01576,E07,Hexaware Technologies,2024,2,February,Q1,Project Manager,38,9,2,1,2.63,43,Csoftmty Jobs
CNT01577,E07,Hexaware Technologies,2024,2,February,Q1,Cybersecurity Analyst,32,9,2,1,3.12,34,OCC Mundial
CNT01578,E07,Hexaware Technologies,2024,3,March,Q1,Data Analyst,32,9,1,0,0.0,45,OCC Mundial
CNT01579,E07,Hexaware Technologies,2024,3,March,Q1,Software Developer,90,32,9,6,6.67,44,LinkedIn
CNT01580,E07,Hexaware Technologies,2024,3,March,Q1,Backend Developer,114,41,12,8,7.02,36,LinkedIn
CNT01581,E07,Hexaware Technologies,2024,3,March,Q1,Frontend Developer,30,7,1,0,0.0,19,LinkedIn
CNT01582,E07,Hexaware Technologies,2024,3,March,Q1,Full Stack Developer,84,35,10,6,7.14,33,LinkedIn
CNT01583,E07,Hexaware Technologies,2024,3,March,Q1,DevOps Engineer,60,17,6,4,6.67,20,Glassdoor
CNT01584,E07,Hexaware Technologies,2024,3,March,Q1,Cloud Architect,90,35,8,6,6.67,52,Csoftmty Jobs
CNT01585,E07,Hexaware Technologies,2024,3,March,Q1,Scrum Master,36,9,2,1,2.78,36,OCC Mundial
CNT01586,E07,Hexaware Technologies,2024,3,March,Q1,Project Manager,24,6,2,1,4.17,43,Csoftmty Jobs
CNT01587,E07,Hexaware Technologies,2024,3,March,Q1,Cybersecurity Analyst,66,29,10,6,9.09,34,Referidos
CNT01588,E07,Hexaware Technologies,2024,4,April,Q2,Data Analyst,170,57,18,16,9.41,25,Glassdoor
CNT01589,E07,Hexaware Technologies,2024,4,April,Q2,Software Developer,128,36,11,9,7.03,20,LinkedIn
CNT01590,E07,Hexaware Technologies,2024,4,April,Q2,Backend Developer,98,40,12,8,8.16,23,Csoftmty Jobs
CNT01591,E07,Hexaware Technologies,2024,4,April,Q2,Frontend Developer,72,22,4,2,2.78,57,Referidos
CNT01592,E07,Hexaware Technologies,2024,4,April,Q2,Full Stack Developer,64,19,4,3,4.69,53,Referidos
CNT01593,E07,Hexaware Technologies,2024,4,April,Q2,DevOps Engineer,78,19,6,4,5.13,23,Referidos
CNT01594,E07,Hexaware Technologies,2024,4,April,Q2,Cloud Architect,16,6,1,0,0.0,45,LinkedIn
CNT01595,E07,Hexaware Technologies,2024,4,April,Q2,Scrum Master,42,11,2,1,2.38,39,LinkedIn
CNT01596,E07,Hexaware Technologies,2024,4,April,Q2,Project Manager,22,6,1,0,0.0,56,Universidad UANL/ITESM
CNT01597,E07,Hexaware Technologies,2024,4,April,Q2,Cybersecurity Analyst,30,8,2,1,3.33,47,Referidos
CNT01598,E07,Hexaware Technologies,2024,5,May,Q2,Data Analyst,75,20,6,4,5.33,20,LinkedIn
CNT01599,E07,Hexaware Technologies,2024,5,May,Q2,Software Developer,78,28,6,5,6.41,29,Universidad UANL/ITESM
CNT01600,E07,Hexaware Technologies,2024,5,May,Q2,Backend Developer,40,16,6,4,10.0,42,LinkedIn
CNT01601,E07,Hexaware Technologies,2024,5,May,Q2,Frontend Developer,11,3,1,0,0.0,43,Csoftmty Jobs
CNT01602,E07,Hexaware Technologies,2024,5,May,Q2,Full Stack Developer,17,5,1,0,0.0,30,LinkedIn
CNT01603,E07,Hexaware Technologies,2024,5,May,Q2,DevOps Engineer,51,21,7,4,7.84,58,Glassdoor
CNT01604,E07,Hexaware Technologies,2024,5,May,Q2,Cloud Architect,54,16,3,2,3.7,56,Csoftmty Jobs
CNT01605,E07,Hexaware Technologies,2024,5,May,Q2,Scrum Master,33,10,2,1,3.03,59,Referidos
CNT01606,E07,Hexaware Technologies,2024,5,May,Q2,Project Manager,60,19,6,3,5.0,24,LinkedIn
CNT01607,E07,Hexaware Technologies,2024,5,May,Q2,Cybersecurity Analyst,48,17,3,2,4.17,48,LinkedIn
CNT01608,E07,Hexaware Technologies,2024,6,June,Q2,Data Analyst,80,20,7,4,5.0,19,Referidos
CNT01609,E07,Hexaware Technologies,2024,6,June,Q2,Software Developer,170,59,17,14,8.24,43,LinkedIn
CNT01610,E07,Hexaware Technologies,2024,6,June,Q2,Backend Developer,70,30,11,6,8.57,32,LinkedIn
CNT01611,E07,Hexaware Technologies,2024,6,June,Q2,Frontend Developer,70,19,4,2,2.86,60,Universidad UANL/ITESM
CNT01612,E07,Hexaware Technologies,2024,6,June,Q2,Full Stack Developer,14,5,1,0,0.0,42,OCC Mundial
CNT01613,E07,Hexaware Technologies,2024,6,June,Q2,DevOps Engineer,11,4,1,0,0.0,35,LinkedIn
CNT01614,E07,Hexaware Technologies,2024,6,June,Q2,Cloud Architect,5,1,1,0,0.0,33,LinkedIn
CNT01615,E07,Hexaware Technologies,2024,6,June,Q2,Project Manager,20,6,2,1,5.0,48,Universidad UANL/ITESM
CNT01616,E07,Hexaware Technologies,2024,6,June,Q2,Cybersecurity Analyst,48,21,7,5,10.42,19,Glassdoor
CNT01617,E07,Hexaware Technologies,2024,7,July,Q3,Data Analyst,96,39,14,9,9.38,54,Csoftmty Jobs
CNT01618,E07,Hexaware Technologies,2024,7,July,Q3,Software Developer,195,60,15,11,5.64,60,LinkedIn
CNT01619,E07,Hexaware Technologies,2024,7,July,Q3,Backend Developer,36,12,2,1,2.78,33,Universidad UANL/ITESM
CNT01620,E07,Hexaware Technologies,2024,7,July,Q3,Frontend Developer,8,3,1,0,0.0,24,Universidad UANL/ITESM
CNT01621,E07,Hexaware Technologies,2024,7,July,Q3,Full Stack Developer,24,10,2,1,4.17,58,Referidos
CNT01622,E07,Hexaware Technologies,2024,7,July,Q3,DevOps Engineer,76,31,9,5,6.58,23,Referidos
CNT01623,E07,Hexaware Technologies,2024,7,July,Q3,Cloud Architect,17,7,2,1,5.88,27,Referidos
CNT01624,E07,Hexaware Technologies,2024,7,July,Q3,Scrum Master,85,37,14,11,12.94,42,LinkedIn
CNT01625,E07,Hexaware Technologies,2024,7,July,Q3,Project Manager,28,7,2,1,3.57,52,Referidos
CNT01626,E07,Hexaware Technologies,2024,7,July,Q3,Cybersecurity Analyst,90,23,6,3,3.33,43,OCC Mundial
CNT01627,E07,Hexaware Technologies,2024,8,August,Q3,Data Analyst,68,17,3,2,2.94,19,OCC Mundial
CNT01628,E07,Hexaware Technologies,2024,8,August,Q3,Software Developer,72,26,6,3,4.17,20,LinkedIn
CNT01629,E07,Hexaware Technologies,2024,8,August,Q3,Backend Developer,51,18,6,5,9.8,45,OCC Mundial
CNT01630,E07,Hexaware Technologies,2024,8,August,Q3,Frontend Developer,65,26,9,7,10.77,34,Referidos
CNT01631,E07,Hexaware Technologies,2024,8,August,Q3,Full Stack Developer,68,30,10,8,11.76,40,LinkedIn
CNT01632,E07,Hexaware Technologies,2024,8,August,Q3,DevOps Engineer,30,11,3,2,6.67,47,Glassdoor
CNT01633,E07,Hexaware Technologies,2024,8,August,Q3,Cloud Architect,10,3,1,0,0.0,27,LinkedIn
CNT01634,E07,Hexaware Technologies,2024,8,August,Q3,Scrum Master,95,30,6,4,4.21,36,Csoftmty Jobs
CNT01635,E07,Hexaware Technologies,2024,8,August,Q3,Project Manager,30,12,3,2,6.67,30,OCC Mundial
CNT01636,E07,Hexaware Technologies,2024,9,September,Q3,Data Analyst,90,38,9,5,5.56,38,LinkedIn
CNT01637,E07,Hexaware Technologies,2024,9,September,Q3,Software Developer,135,53,13,9,6.67,30,OCC Mundial
CNT01638,E07,Hexaware Technologies,2024,9,September,Q3,Backend Developer,56,18,7,5,8.93,42,LinkedIn
CNT01639,E07,Hexaware Technologies,2024,9,September,Q3,Frontend Developer,114,38,14,9,7.89,38,LinkedIn
CNT01640,E07,Hexaware Technologies,2024,9,September,Q3,Full Stack Developer,57,15,4,2,3.51,51,Referidos
CNT01641,E07,Hexaware Technologies,2024,9,September,Q3,DevOps Engineer,13,5,1,0,0.0,21,OCC Mundial
CNT01642,E07,Hexaware Technologies,2024,9,September,Q3,Cloud Architect,16,5,1,0,0.0,55,OCC Mundial
CNT01643,E07,Hexaware Technologies,2024,9,September,Q3,Scrum Master,12,4,1,0,0.0,64,Glassdoor
CNT01644,E07,Hexaware Technologies,2024,9,September,Q3,Project Manager,16,6,1,0,0.0,52,Csoftmty Jobs
CNT01645,E07,Hexaware Technologies,2024,9,September,Q3,Cybersecurity Analyst,57,25,7,5,8.77,22,Glassdoor
CNT01646,E07,Hexaware Technologies,2024,10,October,Q4,Data Analyst,48,21,6,3,6.25,35,LinkedIn
CNT01647,E07,Hexaware Technologies,2024,10,October,Q4,Software Developer,81,20,4,2,2.47,31,LinkedIn
CNT01648,E07,Hexaware Technologies,2024,10,October,Q4,Backend Developer,84,25,9,5,5.95,33,OCC Mundial
CNT01649,E07,Hexaware Technologies,2024,10,October,Q4,Frontend Developer,57,19,5,3,5.26,25,LinkedIn
CNT01650,E07,Hexaware Technologies,2024,10,October,Q4,Full Stack Developer,48,16,4,3,6.25,56,LinkedIn
CNT01651,E07,Hexaware Technologies,2024,10,October,Q4,DevOps Engineer,162,66,19,14,8.64,27,OCC Mundial
CNT01652,E07,Hexaware Technologies,2024,10,October,Q4,Scrum Master,42,11,3,1,2.38,47,OCC Mundial
CNT01653,E07,Hexaware Technologies,2024,10,October,Q4,Project Manager,56,21,7,5,8.93,19,OCC Mundial
CNT01654,E07,Hexaware Technologies,2024,10,October,Q4,Cybersecurity Analyst,36,13,3,1,2.78,62,Glassdoor
CNT01655,E07,Hexaware Technologies,2024,11,November,Q4,Data Analyst,96,40,12,8,8.33,21,OCC Mundial
CNT01656,E07,Hexaware Technologies,2024,11,November,Q4,Software Developer,50,13,4,2,4.0,38,OCC Mundial
CNT01657,E07,Hexaware Technologies,2024,11,November,Q4,Backend Developer,22,7,2,1,4.55,24,LinkedIn
CNT01658,E07,Hexaware Technologies,2024,11,November,Q4,Frontend Developer,54,18,3,2,3.7,25,LinkedIn
CNT01659,E07,Hexaware Technologies,2024,11,November,Q4,Full Stack Developer,32,12,3,1,3.12,63,Referidos
CNT01660,E07,Hexaware Technologies,2024,11,November,Q4,DevOps Engineer,36,10,3,2,5.56,38,OCC Mundial
CNT01661,E07,Hexaware Technologies,2024,11,November,Q4,Cloud Architect,8,3,1,0,0.0,38,Referidos
CNT01662,E07,Hexaware Technologies,2024,11,November,Q4,Scrum Master,32,12,4,2,6.25,42,LinkedIn
CNT01663,E07,Hexaware Technologies,2024,11,November,Q4,Project Manager,76,28,6,5,6.58,29,LinkedIn
CNT01664,E07,Hexaware Technologies,2024,11,November,Q4,Cybersecurity Analyst,51,15,5,3,5.88,43,Referidos
CNT01665,E07,Hexaware Technologies,2024,12,December,Q4,Data Analyst,88,33,11,7,7.95,59,LinkedIn
CNT01666,E07,Hexaware Technologies,2024,12,December,Q4,Software Developer,105,45,9,6,5.71,34,Referidos
CNT01667,E07,Hexaware Technologies,2024,12,December,Q4,Backend Developer,45,18,6,3,6.67,36,OCC Mundial
CNT01668,E07,Hexaware Technologies,2024,12,December,Q4,Frontend Developer,50,22,6,4,8.0,47,Csoftmty Jobs
CNT01669,E07,Hexaware Technologies,2024,12,December,Q4,Full Stack Developer,57,21,4,3,5.26,51,LinkedIn
CNT01670,E07,Hexaware Technologies,2024,12,December,Q4,DevOps Engineer,57,19,6,4,7.02,62,Referidos
CNT01671,E07,Hexaware Technologies,2024,12,December,Q4,Cloud Architect,34,9,3,2,5.88,39,Glassdoor
CNT01672,E07,Hexaware Technologies,2024,12,December,Q4,Scrum Master,30,10,3,2,6.67,49,LinkedIn
CNT01673,E07,Hexaware Technologies,2024,12,December,Q4,Project Manager,45,18,6,3,6.67,22,OCC Mundial
CNT01674,E07,Hexaware Technologies,2024,12,December,Q4,Cybersecurity Analyst,30,12,4,3,10.0,63,LinkedIn
CNT01675,E08,AZKA IT Consulting,2023,1,January,Q1,Data Analyst,80,26,7,5,6.25,54,Glassdoor
CNT01676,E08,AZKA IT Consulting,2023,1,January,Q1,Software Developer,72,20,6,5,6.94,21,Referidos
CNT01677,E08,AZKA IT Consulting,2023,1,January,Q1,Backend Developer,45,12,2,1,2.22,24,LinkedIn
CNT01678,E08,AZKA IT Consulting,2023,1,January,Q1,Frontend Developer,50,12,4,3,6.0,64,Csoftmty Jobs
CNT01679,E08,AZKA IT Consulting,2023,1,January,Q1,Full Stack Developer,60,19,6,3,5.0,41,OCC Mundial
CNT01680,E08,AZKA IT Consulting,2023,1,January,Q1,DevOps Engineer,12,3,1,0,0.0,51,OCC Mundial
CNT01681,E08,AZKA IT Consulting,2023,1,January,Q1,Cloud Architect,36,14,4,2,5.56,44,LinkedIn
CNT01682,E08,AZKA IT Consulting,2023,1,January,Q1,Scrum Master,39,16,4,2,5.13,33,LinkedIn
CNT01683,E08,AZKA IT Consulting,2023,1,January,Q1,Project Manager,24,6,2,1,4.17,26,OCC Mundial
CNT01684,E08,AZKA IT Consulting,2023,1,January,Q1,Cybersecurity Analyst,40,13,3,2,5.0,29,OCC Mundial
CNT01685,E08,AZKA IT Consulting,2023,2,February,Q1,Data Analyst,70,30,10,7,10.0,44,LinkedIn
CNT01686,E08,AZKA IT Consulting,2023,2,February,Q1,Software Developer,90,25,8,6,6.67,43,OCC Mundial
CNT01687,E08,AZKA IT Consulting,2023,2,February,Q1,Backend Developer,51,18,5,3,5.88,35,LinkedIn
CNT01688,E08,AZKA IT Consulting,2023,2,February,Q1,Frontend Developer,5,1,1,0,0.0,21,Universidad UANL/ITESM
CNT01689,E08,AZKA IT Consulting,2023,2,February,Q1,Full Stack Developer,60,15,4,3,5.0,64,OCC Mundial
CNT01690,E08,AZKA IT Consulting,2023,2,February,Q1,DevOps Engineer,45,17,5,3,6.67,62,Universidad UANL/ITESM
CNT01691,E08,AZKA IT Consulting,2023,2,February,Q1,Cloud Architect,26,8,1,0,0.0,58,LinkedIn
CNT01692,E08,AZKA IT Consulting,2023,2,February,Q1,Scrum Master,30,12,2,1,3.33,50,Glassdoor
CNT01693,E08,AZKA IT Consulting,2023,2,February,Q1,Project Manager,96,24,4,2,2.08,34,LinkedIn
CNT01694,E08,AZKA IT Consulting,2023,2,February,Q1,Cybersecurity Analyst,32,13,3,2,6.25,47,Universidad UANL/ITESM
CNT01695,E08,AZKA IT Consulting,2023,3,March,Q1,Data Analyst,45,18,5,4,8.89,64,Referidos
CNT01696,E08,AZKA IT Consulting,2023,3,March,Q1,Software Developer,247,78,21,12,4.86,42,Referidos
CNT01697,E08,AZKA IT Consulting,2023,3,March,Q1,Backend Developer,32,12,4,3,9.38,36,LinkedIn
CNT01698,E08,AZKA IT Consulting,2023,3,March,Q1,Frontend Developer,60,18,4,3,5.0,19,OCC Mundial
CNT01699,E08,AZKA IT Consulting,2023,3,March,Q1,Full Stack Developer,72,25,6,4,5.56,24,LinkedIn
CNT01700,E08,AZKA IT Consulting,2023,3,March,Q1,DevOps Engineer,24,7,1,0,0.0,36,Glassdoor
CNT01701,E08,AZKA IT Consulting,2023,3,March,Q1,Cloud Architect,5,1,1,0,0.0,56,Glassdoor
CNT01702,E08,AZKA IT Consulting,2023,3,March,Q1,Scrum Master,36,11,3,2,5.56,24,Referidos
CNT01703,E08,AZKA IT Consulting,2023,3,March,Q1,Project Manager,16,5,1,0,0.0,30,Glassdoor
CNT01704,E08,AZKA IT Consulting,2023,3,March,Q1,Cybersecurity Analyst,76,30,8,6,7.89,55,OCC Mundial
CNT01705,E08,AZKA IT Consulting,2023,4,April,Q2,Data Analyst,60,21,5,4,6.67,26,OCC Mundial
CNT01706,E08,AZKA IT Consulting,2023,4,April,Q2,Software Developer,96,30,7,5,5.21,52,Referidos
CNT01707,E08,AZKA IT Consulting,2023,4,April,Q2,Backend Developer,72,32,11,9,12.5,45,Referidos
CNT01708,E08,AZKA IT Consulting,2023,4,April,Q2,Frontend Developer,75,29,7,5,6.67,51,OCC Mundial
CNT01709,E08,AZKA IT Consulting,2023,4,April,Q2,Full Stack Developer,70,18,3,2,2.86,59,LinkedIn
CNT01710,E08,AZKA IT Consulting,2023,4,April,Q2,DevOps Engineer,19,7,2,1,5.26,51,Glassdoor
CNT01711,E08,AZKA IT Consulting,2023,4,April,Q2,Cloud Architect,20,5,1,0,0.0,35,LinkedIn
CNT01712,E08,AZKA IT Consulting,2023,4,April,Q2,Scrum Master,27,11,4,3,11.11,39,OCC Mundial
CNT01713,E08,AZKA IT Consulting,2023,4,April,Q2,Project Manager,45,12,4,3,6.67,32,OCC Mundial
CNT01714,E08,AZKA IT Consulting,2023,4,April,Q2,Cybersecurity Analyst,24,7,2,1,4.17,61,Referidos
CNT01715,E08,AZKA IT Consulting,2023,5,May,Q2,Data Analyst,56,19,4,3,5.36,40,LinkedIn
CNT01716,E08,AZKA IT Consulting,2023,5,May,Q2,Software Developer,143,37,11,7,4.9,18,OCC Mundial
CNT01717,E08,AZKA IT Consulting,2023,5,May,Q2,Backend Developer,72,22,8,6,8.33,40,LinkedIn
CNT01718,E08,AZKA IT Consulting,2023,5,May,Q2,Frontend Developer,64,21,8,5,7.81,55,LinkedIn
CNT01719,E08,AZKA IT Consulting,2023,5,May,Q2,Full Stack Developer,65,16,3,2,3.08,18,OCC Mundial
CNT01720,E08,AZKA IT Consulting,2023,5,May,Q2,DevOps Engineer,13,5,1,0,0.0,51,LinkedIn
CNT01721,E08,AZKA IT Consulting,2023,5,May,Q2,Cloud Architect,22,8,2,1,4.55,30,OCC Mundial
CNT01722,E08,AZKA IT Consulting,2023,5,May,Q2,Scrum Master,14,5,1,0,0.0,38,LinkedIn
CNT01723,E08,AZKA IT Consulting,2023,5,May,Q2,Project Manager,22,9,3,2,9.09,55,OCC Mundial
CNT01724,E08,AZKA IT Consulting,2023,5,May,Q2,Cybersecurity Analyst,42,17,3,2,4.76,58,LinkedIn
CNT01725,E08,AZKA IT Consulting,2023,6,June,Q2,Data Analyst,91,34,13,11,12.09,43,Csoftmty Jobs
CNT01726,E08,AZKA IT Consulting,2023,6,June,Q2,Software Developer,192,82,18,16,8.33,32,Referidos
CNT01727,E08,AZKA IT Consulting,2023,6,June,Q2,Backend Developer,27,7,1,0,0.0,41,LinkedIn
CNT01728,E08,AZKA IT Consulting,2023,6,June,Q2,Frontend Developer,45,17,5,4,8.89,21,OCC Mundial
CNT01729,E08,AZKA IT Consulting,2023,6,June,Q2,Full Stack Developer,85,36,13,10,11.76,53,LinkedIn
CNT01730,E08,AZKA IT Consulting,2023,6,June,Q2,DevOps Engineer,36,9,2,1,2.78,58,Glassdoor
CNT01731,E08,AZKA IT Consulting,2023,6,June,Q2,Cloud Architect,76,27,6,3,3.95,32,LinkedIn
CNT01732,E08,AZKA IT Consulting,2023,6,June,Q2,Scrum Master,20,7,2,1,5.0,61,Glassdoor
CNT01733,E08,AZKA IT Consulting,2023,6,June,Q2,Project Manager,18,6,2,1,5.56,32,Referidos
CNT01734,E08,AZKA IT Consulting,2023,6,June,Q2,Cybersecurity Analyst,16,4,1,0,0.0,48,LinkedIn
CNT01735,E08,AZKA IT Consulting,2023,7,July,Q3,Data Analyst,56,22,7,5,8.93,49,Referidos
CNT01736,E08,AZKA IT Consulting,2023,7,July,Q3,Software Developer,66,19,7,4,6.06,38,Universidad UANL/ITESM
CNT01737,E08,AZKA IT Consulting,2023,7,July,Q3,Backend Developer,40,15,3,2,5.0,60,Universidad UANL/ITESM
CNT01738,E08,AZKA IT Consulting,2023,7,July,Q3,Frontend Developer,72,21,7,4,5.56,41,Referidos
CNT01739,E08,AZKA IT Consulting,2023,7,July,Q3,Cloud Architect,34,11,3,2,5.88,52,Referidos
CNT01740,E08,AZKA IT Consulting,2023,7,July,Q3,Scrum Master,30,9,3,2,6.67,58,OCC Mundial
CNT01741,E08,AZKA IT Consulting,2023,7,July,Q3,Project Manager,30,8,2,1,3.33,60,OCC Mundial
CNT01742,E08,AZKA IT Consulting,2023,7,July,Q3,Cybersecurity Analyst,65,26,5,3,4.62,61,LinkedIn
CNT01743,E08,AZKA IT Consulting,2023,8,August,Q3,Data Analyst,54,17,4,2,3.7,60,Csoftmty Jobs
CNT01744,E08,AZKA IT Consulting,2023,8,August,Q3,Software Developer,144,51,12,10,6.94,31,LinkedIn
CNT01745,E08,AZKA IT Consulting,2023,8,August,Q3,Backend Developer,18,5,1,0,0.0,62,Referidos
CNT01746,E08,AZKA IT Consulting,2023,8,August,Q3,Frontend Developer,5,2,1,0,0.0,55,LinkedIn
CNT01747,E08,AZKA IT Consulting,2023,8,August,Q3,Full Stack Developer,36,12,4,3,8.33,64,Referidos
CNT01748,E08,AZKA IT Consulting,2023,8,August,Q3,Cloud Architect,5,1,1,0,0.0,62,Referidos
CNT01749,E08,AZKA IT Consulting,2023,8,August,Q3,Scrum Master,30,10,3,2,6.67,41,LinkedIn
CNT01750,E08,AZKA IT Consulting,2023,8,August,Q3,Project Manager,55,17,3,1,1.82,41,LinkedIn
CNT01751,E08,AZKA IT Consulting,2023,8,August,Q3,Cybersecurity Analyst,80,30,6,4,5.0,26,OCC Mundial
CNT01752,E08,AZKA IT Consulting,2023,9,September,Q3,Data Analyst,51,19,4,2,3.92,61,Universidad UANL/ITESM
CNT01753,E08,AZKA IT Consulting,2023,9,September,Q3,Software Developer,95,36,13,10,10.53,45,OCC Mundial
CNT01754,E08,AZKA IT Consulting,2023,9,September,Q3,Backend Developer,48,13,3,2,4.17,18,LinkedIn
CNT01755,E08,AZKA IT Consulting,2023,9,September,Q3,Frontend Developer,68,17,5,3,4.41,42,Referidos
CNT01756,E08,AZKA IT Consulting,2023,9,September,Q3,Full Stack Developer,75,27,7,4,5.33,57,LinkedIn
CNT01757,E08,AZKA IT Consulting,2023,9,September,Q3,DevOps Engineer,51,18,5,3,5.88,36,LinkedIn
CNT01758,E08,AZKA IT Consulting,2023,9,September,Q3,Cloud Architect,8,2,1,0,0.0,20,OCC Mundial
CNT01759,E08,AZKA IT Consulting,2023,9,September,Q3,Scrum Master,45,14,3,2,4.44,54,Glassdoor
CNT01760,E08,AZKA IT Consulting,2023,9,September,Q3,Project Manager,17,7,2,1,5.88,35,Glassdoor
CNT01761,E08,AZKA IT Consulting,2023,9,September,Q3,Cybersecurity Analyst,52,21,4,3,5.77,43,Universidad UANL/ITESM
CNT01762,E08,AZKA IT Consulting,2023,10,October,Q4,Data Analyst,72,31,10,6,8.33,50,LinkedIn
CNT01763,E08,AZKA IT Consulting,2023,10,October,Q4,Software Developer,78,28,7,5,6.41,18,LinkedIn
CNT01764,E08,AZKA IT Consulting,2023,10,October,Q4,Backend Developer,60,24,8,5,8.33,54,LinkedIn
CNT01765,E08,AZKA IT Consulting,2023,10,October,Q4,Frontend Developer,5,2,1,0,0.0,35,Csoftmty Jobs
CNT01766,E08,AZKA IT Consulting,2023,10,October,Q4,Full Stack Developer,45,18,7,5,11.11,33,Referidos
CNT01767,E08,AZKA IT Consulting,2023,10,October,Q4,DevOps Engineer,36,13,3,2,5.56,61,Glassdoor
CNT01768,E08,AZKA IT Consulting,2023,10,October,Q4,Cloud Architect,38,10,3,1,2.63,29,Csoftmty Jobs
CNT01769,E08,AZKA IT Consulting,2023,10,October,Q4,Scrum Master,24,9,2,1,4.17,64,Referidos
CNT01770,E08,AZKA IT Consulting,2023,10,October,Q4,Project Manager,11,4,1,0,0.0,60,OCC Mundial
CNT01771,E08,AZKA IT Consulting,2023,11,November,Q4,Data Analyst,38,13,4,2,5.26,29,Csoftmty Jobs
CNT01772,E08,AZKA IT Consulting,2023,11,November,Q4,Software Developer,54,21,5,4,7.41,64,Csoftmty Jobs
CNT01773,E08,AZKA IT Consulting,2023,11,November,Q4,Backend Developer,45,16,5,3,6.67,37,OCC Mundial
CNT01774,E08,AZKA IT Consulting,2023,11,November,Q4,Frontend Developer,40,15,5,3,7.5,58,LinkedIn
CNT01775,E08,AZKA IT Consulting,2023,11,November,Q4,Full Stack Developer,98,35,13,10,10.2,63,Universidad UANL/ITESM
CNT01776,E08,AZKA IT Consulting,2023,11,November,Q4,DevOps Engineer,36,10,2,1,2.78,32,LinkedIn
CNT01777,E08,AZKA IT Consulting,2023,11,November,Q4,Cloud Architect,15,3,1,0,0.0,40,OCC Mundial
CNT01778,E08,AZKA IT Consulting,2023,11,November,Q4,Project Manager,18,7,1,0,0.0,42,LinkedIn
CNT01779,E08,AZKA IT Consulting,2023,11,November,Q4,Cybersecurity Analyst,36,10,2,1,2.78,49,OCC Mundial
CNT01780,E08,AZKA IT Consulting,2023,12,December,Q4,Data Analyst,16,4,1,0,0.0,30,LinkedIn
CNT01781,E08,AZKA IT Consulting,2023,12,December,Q4,Software Developer,51,14,3,1,1.96,64,LinkedIn
CNT01782,E08,AZKA IT Consulting,2023,12,December,Q4,Backend Developer,33,8,2,1,3.03,48,Referidos
CNT01783,E08,AZKA IT Consulting,2023,12,December,Q4,Frontend Developer,36,13,3,1,2.78,61,OCC Mundial
CNT01784,E08,AZKA IT Consulting,2023,12,December,Q4,Full Stack Developer,13,4,1,0,0.0,25,OCC Mundial
CNT01785,E08,AZKA IT Consulting,2023,12,December,Q4,DevOps Engineer,10,4,1,0,0.0,52,LinkedIn
CNT01786,E08,AZKA IT Consulting,2023,12,December,Q4,Cloud Architect,39,15,4,2,5.13,49,Csoftmty Jobs
CNT01787,E08,AZKA IT Consulting,2023,12,December,Q4,Scrum Master,22,9,2,1,4.55,35,LinkedIn
CNT01788,E08,AZKA IT Consulting,2023,12,December,Q4,Project Manager,51,14,5,4,7.84,50,OCC Mundial
CNT01789,E08,AZKA IT Consulting,2023,12,December,Q4,Cybersecurity Analyst,18,7,2,1,5.56,48,OCC Mundial
CNT01790,E08,AZKA IT Consulting,2024,1,January,Q1,Data Analyst,39,15,5,4,10.26,51,Referidos
CNT01791,E08,AZKA IT Consulting,2024,1,January,Q1,Software Developer,72,24,5,4,5.56,26,LinkedIn
CNT01792,E08,AZKA IT Consulting,2024,1,January,Q1,Backend Developer,44,11,3,1,2.27,26,Referidos
CNT01793,E08,AZKA IT Consulting,2024,1,January,Q1,Frontend Developer,9,2,1,0,0.0,57,Referidos
CNT01794,E08,AZKA IT Consulting,2024,1,January,Q1,Full Stack Developer,33,13,2,1,3.03,42,Universidad UANL/ITESM
CNT01795,E08,AZKA IT Consulting,2024,1,January,Q1,DevOps Engineer,20,7,2,1,5.0,19,Referidos
CNT01796,E08,AZKA IT Consulting,2024,1,January,Q1,Cloud Architect,5,1,1,0,0.0,59,LinkedIn
CNT01797,E08,AZKA IT Consulting,2024,1,January,Q1,Scrum Master,36,10,2,1,2.78,37,LinkedIn
CNT01798,E08,AZKA IT Consulting,2024,1,January,Q1,Project Manager,34,12,2,1,2.94,28,OCC Mundial
CNT01799,E08,AZKA IT Consulting,2024,1,January,Q1,Cybersecurity Analyst,40,12,3,2,5.0,55,LinkedIn
CNT01800,E08,AZKA IT Consulting,2024,2,February,Q1,Data Analyst,96,32,8,5,5.21,56,Referidos
CNT01801,E08,AZKA IT Consulting,2024,2,February,Q1,Software Developer,133,52,14,10,7.52,29,LinkedIn
CNT01802,E08,AZKA IT Consulting,2024,2,February,Q1,Backend Developer,108,39,13,8,7.41,63,LinkedIn
CNT01803,E08,AZKA IT Consulting,2024,2,February,Q1,Frontend Developer,45,18,6,4,8.89,45,Glassdoor
CNT01804,E08,AZKA IT Consulting,2024,2,February,Q1,Full Stack Developer,33,8,2,1,3.03,30,LinkedIn
CNT01805,E08,AZKA IT Consulting,2024,2,February,Q1,DevOps Engineer,28,7,2,1,3.57,23,LinkedIn
CNT01806,E08,AZKA IT Consulting,2024,2,February,Q1,Cloud Architect,16,6,1,0,0.0,47,Referidos
CNT01807,E08,AZKA IT Consulting,2024,2,February,Q1,Scrum Master,5,1,1,0,0.0,34,Referidos
CNT01808,E08,AZKA IT Consulting,2024,2,February,Q1,Project Manager,42,11,4,3,7.14,30,Referidos
CNT01809,E08,AZKA IT Consulting,2024,2,February,Q1,Cybersecurity Analyst,36,12,2,1,2.78,41,LinkedIn
CNT01810,E08,AZKA IT Consulting,2024,3,March,Q1,Data Analyst,55,17,5,3,5.45,56,Referidos
CNT01811,E08,AZKA IT Consulting,2024,3,March,Q1,Software Developer,55,22,6,4,7.27,22,LinkedIn
CNT01812,E08,AZKA IT Consulting,2024,3,March,Q1,Backend Developer,18,5,1,0,0.0,26,OCC Mundial
CNT01813,E08,AZKA IT Consulting,2024,3,March,Q1,Frontend Developer,45,17,6,4,8.89,55,Universidad UANL/ITESM
CNT01814,E08,AZKA IT Consulting,2024,3,March,Q1,Full Stack Developer,68,19,6,4,5.88,42,Csoftmty Jobs
CNT01815,E08,AZKA IT Consulting,2024,3,March,Q1,DevOps Engineer,80,23,6,4,5.0,56,LinkedIn
CNT01816,E08,AZKA IT Consulting,2024,3,March,Q1,Cloud Architect,13,5,1,0,0.0,31,OCC Mundial
CNT01817,E08,AZKA IT Consulting,2024,3,March,Q1,Scrum Master,10,3,1,0,0.0,21,Referidos
CNT01818,E08,AZKA IT Consulting,2024,3,March,Q1,Project Manager,16,5,1,0,0.0,61,LinkedIn
CNT01819,E08,AZKA IT Consulting,2024,3,March,Q1,Cybersecurity Analyst,5,1,1,0,0.0,42,Universidad UANL/ITESM
CNT01820,E08,AZKA IT Consulting,2024,4,April,Q2,Data Analyst,45,18,5,3,6.67,34,OCC Mundial
CNT01821,E08,AZKA IT Consulting,2024,4,April,Q2,Software Developer,144,62,19,16,11.11,26,LinkedIn
CNT01822,E08,AZKA IT Consulting,2024,4,April,Q2,Backend Developer,32,13,4,2,6.25,46,Glassdoor
CNT01823,E08,AZKA IT Consulting,2024,4,April,Q2,Frontend Developer,24,9,2,1,4.17,49,Referidos
CNT01824,E08,AZKA IT Consulting,2024,4,April,Q2,Full Stack Developer,26,8,1,0,0.0,33,LinkedIn
CNT01825,E08,AZKA IT Consulting,2024,4,April,Q2,DevOps Engineer,68,17,6,4,5.88,25,Referidos
CNT01826,E08,AZKA IT Consulting,2024,4,April,Q2,Cloud Architect,20,6,1,0,0.0,42,LinkedIn
CNT01827,E08,AZKA IT Consulting,2024,4,April,Q2,Scrum Master,48,12,4,3,6.25,52,OCC Mundial
CNT01828,E08,AZKA IT Consulting,2024,4,April,Q2,Project Manager,5,1,1,0,0.0,45,Glassdoor
CNT01829,E08,AZKA IT Consulting,2024,4,April,Q2,Cybersecurity Analyst,9,2,1,0,0.0,49,LinkedIn
CNT01830,E08,AZKA IT Consulting,2024,5,May,Q2,Software Developer,60,15,5,3,5.0,19,OCC Mundial
CNT01831,E08,AZKA IT Consulting,2024,5,May,Q2,Backend Developer,75,23,5,3,4.0,52,LinkedIn
CNT01832,E08,AZKA IT Consulting,2024,5,May,Q2,Frontend Developer,38,9,3,2,5.26,52,LinkedIn
CNT01833,E08,AZKA IT Consulting,2024,5,May,Q2,DevOps Engineer,48,16,5,3,6.25,50,LinkedIn
CNT01834,E08,AZKA IT Consulting,2024,5,May,Q2,Cloud Architect,22,9,1,0,0.0,27,LinkedIn
CNT01835,E08,AZKA IT Consulting,2024,5,May,Q2,Scrum Master,60,24,8,5,8.33,63,LinkedIn
CNT01836,E08,AZKA IT Consulting,2024,5,May,Q2,Project Manager,15,6,2,1,6.67,30,Csoftmty Jobs
CNT01837,E08,AZKA IT Consulting,2024,5,May,Q2,Cybersecurity Analyst,48,14,4,2,4.17,22,Referidos
CNT01838,E08,AZKA IT Consulting,2024,6,June,Q2,Data Analyst,88,29,6,4,4.55,43,LinkedIn
CNT01839,E08,AZKA IT Consulting,2024,6,June,Q2,Software Developer,95,25,6,4,4.21,24,OCC Mundial
CNT01840,E08,AZKA IT Consulting,2024,6,June,Q2,Backend Developer,90,23,5,3,3.33,24,Referidos
CNT01841,E08,AZKA IT Consulting,2024,6,June,Q2,Frontend Developer,48,14,4,3,6.25,27,LinkedIn
CNT01842,E08,AZKA IT Consulting,2024,6,June,Q2,Full Stack Developer,16,6,2,1,6.25,63,Referidos
CNT01843,E08,AZKA IT Consulting,2024,6,June,Q2,Cloud Architect,16,4,1,0,0.0,54,OCC Mundial
CNT01844,E08,AZKA IT Consulting,2024,6,June,Q2,Scrum Master,78,26,8,5,6.41,20,LinkedIn
CNT01845,E08,AZKA IT Consulting,2024,6,June,Q2,Project Manager,10,2,1,0,0.0,53,OCC Mundial
CNT01846,E08,AZKA IT Consulting,2024,6,June,Q2,Cybersecurity Analyst,5,1,1,0,0.0,50,LinkedIn
CNT01847,E08,AZKA IT Consulting,2024,7,July,Q3,Data Analyst,32,8,2,1,3.12,46,Referidos
CNT01848,E08,AZKA IT Consulting,2024,7,July,Q3,Software Developer,45,15,3,2,4.44,40,LinkedIn
CNT01849,E08,AZKA IT Consulting,2024,7,July,Q3,Backend Developer,66,17,5,4,6.06,48,Referidos
CNT01850,E08,AZKA IT Consulting,2024,7,July,Q3,Frontend Developer,48,14,5,3,6.25,51,Universidad UANL/ITESM
CNT01851,E08,AZKA IT Consulting,2024,7,July,Q3,Full Stack Developer,11,2,1,0,0.0,51,Csoftmty Jobs
CNT01852,E08,AZKA IT Consulting,2024,7,July,Q3,DevOps Engineer,30,10,3,2,6.67,24,Csoftmty Jobs
CNT01853,E08,AZKA IT Consulting,2024,7,July,Q3,Cloud Architect,51,21,4,3,5.88,55,LinkedIn
CNT01854,E08,AZKA IT Consulting,2024,7,July,Q3,Scrum Master,36,15,3,1,2.78,64,Referidos
CNT01855,E08,AZKA IT Consulting,2024,7,July,Q3,Project Manager,64,26,9,6,9.38,19,LinkedIn
CNT01856,E08,AZKA IT Consulting,2024,7,July,Q3,Cybersecurity Analyst,13,3,1,0,0.0,19,LinkedIn
CNT01857,E08,AZKA IT Consulting,2024,8,August,Q3,Data Analyst,77,28,11,9,11.69,33,LinkedIn
CNT01858,E08,AZKA IT Consulting,2024,8,August,Q3,Software Developer,51,13,4,2,3.92,36,OCC Mundial
CNT01859,E08,AZKA IT Consulting,2024,8,August,Q3,Backend Developer,11,4,1,0,0.0,57,LinkedIn
CNT01860,E08,AZKA IT Consulting,2024,8,August,Q3,Frontend Developer,40,13,4,2,5.0,48,LinkedIn
CNT01861,E08,AZKA IT Consulting,2024,8,August,Q3,Full Stack Developer,95,27,6,4,4.21,52,Universidad UANL/ITESM
CNT01862,E08,AZKA IT Consulting,2024,8,August,Q3,DevOps Engineer,57,24,7,5,8.77,49,LinkedIn
CNT01863,E08,AZKA IT Consulting,2024,8,August,Q3,Cloud Architect,13,4,1,0,0.0,54,LinkedIn
CNT01864,E08,AZKA IT Consulting,2024,8,August,Q3,Scrum Master,16,6,1,0,0.0,33,Glassdoor
CNT01865,E08,AZKA IT Consulting,2024,8,August,Q3,Project Manager,22,9,2,1,4.55,52,Referidos
CNT01866,E08,AZKA IT Consulting,2024,8,August,Q3,Cybersecurity Analyst,48,13,3,1,2.08,59,OCC Mundial
CNT01867,E08,AZKA IT Consulting,2024,9,September,Q3,Data Analyst,84,30,7,5,5.95,38,LinkedIn
CNT01868,E08,AZKA IT Consulting,2024,9,September,Q3,Software Developer,108,32,10,8,7.41,59,LinkedIn
CNT01869,E08,AZKA IT Consulting,2024,9,September,Q3,Backend Developer,40,13,5,4,10.0,41,OCC Mundial
CNT01870,E08,AZKA IT Consulting,2024,9,September,Q3,Frontend Developer,28,8,1,0,0.0,60,OCC Mundial
CNT01871,E08,AZKA IT Consulting,2024,9,September,Q3,Full Stack Developer,70,23,8,6,8.57,57,LinkedIn
CNT01872,E08,AZKA IT Consulting,2024,9,September,Q3,DevOps Engineer,22,8,2,1,4.55,22,OCC Mundial
CNT01873,E08,AZKA IT Consulting,2024,9,September,Q3,Cloud Architect,13,5,1,0,0.0,29,Referidos
CNT01874,E08,AZKA IT Consulting,2024,9,September,Q3,Scrum Master,17,5,1,0,0.0,26,OCC Mundial
CNT01875,E08,AZKA IT Consulting,2024,9,September,Q3,Project Manager,38,16,4,3,7.89,61,Referidos
CNT01876,E08,AZKA IT Consulting,2024,9,September,Q3,Cybersecurity Analyst,40,17,4,2,5.0,30,LinkedIn
CNT01877,E08,AZKA IT Consulting,2024,10,October,Q4,Data Analyst,48,16,4,3,6.25,29,Csoftmty Jobs
CNT01878,E08,AZKA IT Consulting,2024,10,October,Q4,Software Developer,50,19,4,2,4.0,33,LinkedIn
CNT01879,E08,AZKA IT Consulting,2024,10,October,Q4,Backend Developer,60,21,7,4,6.67,48,Referidos
CNT01880,E08,AZKA IT Consulting,2024,10,October,Q4,Frontend Developer,54,23,5,4,7.41,60,Csoftmty Jobs
CNT01881,E08,AZKA IT Consulting,2024,10,October,Q4,Full Stack Developer,70,28,6,5,7.14,35,Referidos
CNT01882,E08,AZKA IT Consulting,2024,10,October,Q4,DevOps Engineer,28,11,2,1,3.57,56,LinkedIn
CNT01883,E08,AZKA IT Consulting,2024,10,October,Q4,Cloud Architect,48,15,3,2,4.17,59,Universidad UANL/ITESM
CNT01884,E08,AZKA IT Consulting,2024,10,October,Q4,Scrum Master,30,11,2,1,3.33,57,OCC Mundial
CNT01885,E08,AZKA IT Consulting,2024,10,October,Q4,Project Manager,17,4,1,0,0.0,42,OCC Mundial
CNT01886,E08,AZKA IT Consulting,2024,10,October,Q4,Cybersecurity Analyst,48,12,3,2,4.17,61,LinkedIn
CNT01887,E08,AZKA IT Consulting,2024,11,November,Q4,Data Analyst,112,42,14,10,8.93,41,Glassdoor
CNT01888,E08,AZKA IT Consulting,2024,11,November,Q4,Software Developer,105,33,12,8,7.62,21,Glassdoor
CNT01889,E08,AZKA IT Consulting,2024,11,November,Q4,Backend Developer,85,23,6,4,4.71,45,Universidad UANL/ITESM
CNT01890,E08,AZKA IT Consulting,2024,11,November,Q4,Frontend Developer,30,7,1,0,0.0,30,LinkedIn
CNT01891,E08,AZKA IT Consulting,2024,11,November,Q4,Full Stack Developer,39,9,2,1,2.56,34,OCC Mundial
CNT01892,E08,AZKA IT Consulting,2024,11,November,Q4,DevOps Engineer,54,16,6,4,7.41,27,Referidos
CNT01893,E08,AZKA IT Consulting,2024,11,November,Q4,Cloud Architect,17,7,1,0,0.0,59,LinkedIn
CNT01894,E08,AZKA IT Consulting,2024,11,November,Q4,Scrum Master,96,40,8,7,7.29,64,OCC Mundial
CNT01895,E08,AZKA IT Consulting,2024,11,November,Q4,Project Manager,28,9,3,2,7.14,45,Referidos
CNT01896,E08,AZKA IT Consulting,2024,11,November,Q4,Cybersecurity Analyst,30,10,3,2,6.67,28,OCC Mundial
CNT01897,E08,AZKA IT Consulting,2024,12,December,Q4,Data Analyst,114,42,8,5,4.39,35,Referidos
CNT01898,E08,AZKA IT Consulting,2024,12,December,Q4,Software Developer,128,57,12,7,5.47,31,OCC Mundial
CNT01899,E08,AZKA IT Consulting,2024,12,December,Q4,Backend Developer,90,22,7,5,5.56,29,LinkedIn
CNT01900,E08,AZKA IT Consulting,2024,12,December,Q4,Frontend Developer,75,23,6,4,5.33,44,Csoftmty Jobs
CNT01901,E08,AZKA IT Consulting,2024,12,December,Q4,Full Stack Developer,100,32,12,10,10.0,53,Glassdoor
CNT01902,E08,AZKA IT Consulting,2024,12,December,Q4,DevOps Engineer,8,2,1,0,0.0,20,LinkedIn
CNT01903,E08,AZKA IT Consulting,2024,12,December,Q4,Cloud Architect,24,10,3,2,8.33,55,Referidos
CNT01904,E08,AZKA IT Consulting,2024,12,December,Q4,Project Manager,32,12,2,1,3.12,43,Referidos
CNT01905,E08,AZKA IT Consulting,2024,12,December,Q4,Cybersecurity Analyst,72,20,6,4,5.56,43,Csoftmty Jobs
CNT01906,E09,Deintec,2023,1,January,Q1,Data Analyst,72,20,4,3,4.17,50,Universidad UANL/ITESM
CNT01907,E09,Deintec,2023,1,January,Q1,Software Developer,144,56,13,10,6.94,64,OCC Mundial
CNT01908,E09,Deintec,2023,1,January,Q1,Backend Developer,18,4,1,0,0.0,61,LinkedIn
CNT01909,E09,Deintec,2023,1,January,Q1,Frontend Developer,48,14,3,1,2.08,50,OCC Mundial
CNT01910,E09,Deintec,2023,1,January,Q1,Full Stack Developer,36,14,4,2,5.56,23,LinkedIn
CNT01911,E09,Deintec,2023,1,January,Q1,DevOps Engineer,5,1,1,0,0.0,64,LinkedIn
CNT01912,E09,Deintec,2023,1,January,Q1,Cloud Architect,19,8,2,1,5.26,32,LinkedIn
CNT01913,E09,Deintec,2023,1,January,Q1,Scrum Master,38,10,3,2,5.26,61,Referidos
CNT01914,E09,Deintec,2023,1,January,Q1,Project Manager,18,7,1,0,0.0,34,Csoftmty Jobs
CNT01915,E09,Deintec,2023,1,January,Q1,Cybersecurity Analyst,45,11,3,2,4.44,59,Referidos
CNT01916,E09,Deintec,2023,2,February,Q1,Data Analyst,18,7,2,1,5.56,23,LinkedIn
CNT01917,E09,Deintec,2023,2,February,Q1,Software Developer,126,51,17,13,10.32,22,Referidos
CNT01918,E09,Deintec,2023,2,February,Q1,Backend Developer,60,18,4,2,3.33,18,LinkedIn
CNT01919,E09,Deintec,2023,2,February,Q1,Frontend Developer,19,7,2,1,5.26,31,Universidad UANL/ITESM
CNT01920,E09,Deintec,2023,2,February,Q1,Full Stack Developer,36,16,4,2,5.56,40,Universidad UANL/ITESM
CNT01921,E09,Deintec,2023,2,February,Q1,DevOps Engineer,20,6,2,1,5.0,27,LinkedIn
CNT01922,E09,Deintec,2023,2,February,Q1,Cloud Architect,30,13,4,3,10.0,25,LinkedIn
CNT01923,E09,Deintec,2023,2,February,Q1,Scrum Master,9,3,1,0,0.0,42,OCC Mundial
CNT01924,E09,Deintec,2023,2,February,Q1,Project Manager,34,8,2,1,2.94,18,Csoftmty Jobs
CNT01925,E09,Deintec,2023,3,March,Q1,Data Analyst,75,29,9,6,8.0,46,LinkedIn
CNT01926,E09,Deintec,2023,3,March,Q1,Software Developer,55,16,6,4,7.27,59,Referidos
CNT01927,E09,Deintec,2023,3,March,Q1,Backend Developer,26,6,1,0,0.0,23,LinkedIn
CNT01928,E09,Deintec,2023,3,March,Q1,Frontend Developer,18,4,1,0,0.0,40,Universidad UANL/ITESM
CNT01929,E09,Deintec,2023,3,March,Q1,Full Stack Developer,68,29,7,6,8.82,54,Universidad UANL/ITESM
CNT01930,E09,Deintec,2023,3,March,Q1,DevOps Engineer,26,7,1,0,0.0,61,Csoftmty Jobs
CNT01931,E09,Deintec,2023,3,March,Q1,Cloud Architect,36,14,3,1,2.78,60,Glassdoor
CNT01932,E09,Deintec,2023,3,March,Q1,Scrum Master,34,9,2,1,2.94,37,LinkedIn
CNT01933,E09,Deintec,2023,3,March,Q1,Project Manager,34,10,3,2,5.88,41,LinkedIn
CNT01934,E09,Deintec,2023,4,April,Q2,Data Analyst,57,18,7,5,8.77,42,OCC Mundial
CNT01935,E09,Deintec,2023,4,April,Q2,Software Developer,48,18,3,2,4.17,26,Referidos
CNT01936,E09,Deintec,2023,4,April,Q2,Backend Developer,119,45,15,12,10.08,50,Universidad UANL/ITESM
CNT01937,E09,Deintec,2023,4,April,Q2,Frontend Developer,39,13,4,2,5.13,20,LinkedIn
CNT01938,E09,Deintec,2023,4,April,Q2,Full Stack Developer,70,25,7,4,5.71,30,OCC Mundial
CNT01939,E09,Deintec,2023,4,April,Q2,DevOps Engineer,22,6,2,1,4.55,62,Glassdoor
CNT01940,E09,Deintec,2023,4,April,Q2,Scrum Master,15,6,1,0,0.0,58,Universidad UANL/ITESM
CNT01941,E09,Deintec,2023,4,April,Q2,Project Manager,11,3,1,0,0.0,57,Glassdoor
CNT01942,E09,Deintec,2023,4,April,Q2,Cybersecurity Analyst,13,3,1,0,0.0,34,Referidos
CNT01943,E09,Deintec,2023,5,May,Q2,Data Analyst,80,22,8,6,7.5,18,Referidos
CNT01944,E09,Deintec,2023,5,May,Q2,Software Developer,84,33,12,10,11.9,55,LinkedIn
CNT01945,E09,Deintec,2023,5,May,Q2,Backend Developer,42,18,4,3,7.14,23,LinkedIn
CNT01946,E09,Deintec,2023,5,May,Q2,Frontend Developer,26,8,2,1,3.85,60,OCC Mundial
CNT01947,E09,Deintec,2023,5,May,Q2,Full Stack Developer,104,36,11,9,8.65,29,Csoftmty Jobs
CNT01948,E09,Deintec,2023,5,May,Q2,DevOps Engineer,8,3,1,0,0.0,21,LinkedIn
CNT01949,E09,Deintec,2023,5,May,Q2,Cloud Architect,24,9,3,1,4.17,50,OCC Mundial
CNT01950,E09,Deintec,2023,5,May,Q2,Scrum Master,32,10,2,1,3.12,45,OCC Mundial
CNT01951,E09,Deintec,2023,5,May,Q2,Project Manager,5,1,1,0,0.0,58,Universidad UANL/ITESM
CNT01952,E09,Deintec,2023,5,May,Q2,Cybersecurity Analyst,56,15,5,3,5.36,30,Glassdoor
CNT01953,E09,Deintec,2023,6,June,Q2,Data Analyst,80,27,7,4,5.0,29,OCC Mundial
CNT01954,E09,Deintec,2023,6,June,Q2,Software Developer,28,10,2,1,3.57,38,Glassdoor
CNT01955,E09,Deintec,2023,6,June,Q2,Backend Developer,38,16,5,4,10.53,41,LinkedIn
CNT01956,E09,Deintec,2023,6,June,Q2,Frontend Developer,8,2,1,0,0.0,54,LinkedIn
CNT01957,E09,Deintec,2023,6,June,Q2,Full Stack Developer,48,19,6,4,8.33,34,Universidad UANL/ITESM
CNT01958,E09,Deintec,2023,6,June,Q2,DevOps Engineer,36,12,3,2,5.56,38,OCC Mundial
CNT01959,E09,Deintec,2023,6,June,Q2,Cloud Architect,5,2,1,0,0.0,51,Universidad UANL/ITESM
CNT01960,E09,Deintec,2023,6,June,Q2,Scrum Master,30,7,2,1,3.33,48,Universidad UANL/ITESM
CNT01961,E09,Deintec,2023,6,June,Q2,Project Manager,17,4,1,0,0.0,41,OCC Mundial
CNT01962,E09,Deintec,2023,6,June,Q2,Cybersecurity Analyst,5,1,1,0,0.0,23,Csoftmty Jobs
CNT01963,E09,Deintec,2023,7,July,Q3,Data Analyst,63,17,4,2,3.17,18,LinkedIn
CNT01964,E09,Deintec,2023,7,July,Q3,Software Developer,72,28,8,5,6.94,52,Csoftmty Jobs
CNT01965,E09,Deintec,2023,7,July,Q3,Backend Developer,24,10,3,1,4.17,43,Universidad UANL/ITESM
CNT01966,E09,Deintec,2023,7,July,Q3,Frontend Developer,48,17,6,4,8.33,54,Csoftmty Jobs
CNT01967,E09,Deintec,2023,7,July,Q3,Full Stack Developer,42,13,3,2,4.76,56,LinkedIn
CNT01968,E09,Deintec,2023,7,July,Q3,DevOps Engineer,13,3,1,0,0.0,60,OCC Mundial
CNT01969,E09,Deintec,2023,7,July,Q3,Cloud Architect,5,2,1,0,0.0,51,Referidos
CNT01970,E09,Deintec,2023,7,July,Q3,Scrum Master,39,14,4,2,5.13,31,Csoftmty Jobs
CNT01971,E09,Deintec,2023,8,August,Q3,Data Analyst,24,9,3,2,8.33,34,LinkedIn
CNT01972,E09,Deintec,2023,8,August,Q3,Software Developer,104,29,7,5,4.81,49,LinkedIn
CNT01973,E09,Deintec,2023,8,August,Q3,Backend Developer,56,20,4,3,5.36,53,LinkedIn
CNT01974,E09,Deintec,2023,8,August,Q3,Frontend Developer,24,7,1,0,0.0,40,Csoftmty Jobs
CNT01975,E09,Deintec,2023,8,August,Q3,Full Stack Developer,52,14,3,2,3.85,46,OCC Mundial
CNT01976,E09,Deintec,2023,8,August,Q3,Cloud Architect,5,1,1,0,0.0,34,LinkedIn
CNT01977,E09,Deintec,2023,8,August,Q3,Scrum Master,13,5,1,0,0.0,52,LinkedIn
CNT01978,E09,Deintec,2023,8,August,Q3,Project Manager,76,22,5,3,3.95,50,LinkedIn
CNT01979,E09,Deintec,2023,8,August,Q3,Cybersecurity Analyst,8,2,1,0,0.0,60,LinkedIn
CNT01980,E09,Deintec,2023,9,September,Q3,Data Analyst,54,22,7,5,9.26,45,OCC Mundial
CNT01981,E09,Deintec,2023,9,September,Q3,Software Developer,75,28,9,7,9.33,41,Universidad UANL/ITESM
CNT01982,E09,Deintec,2023,9,September,Q3,Backend Developer,45,17,5,3,6.67,50,OCC Mundial
CNT01983,E09,Deintec,2023,9,September,Q3,Frontend Developer,45,11,3,2,4.44,49,Referidos
CNT01984,E09,Deintec,2023,9,September,Q3,Full Stack Developer,44,12,2,1,2.27,28,LinkedIn
CNT01985,E09,Deintec,2023,9,September,Q3,DevOps Engineer,76,20,7,6,7.89,34,LinkedIn
CNT01986,E09,Deintec,2023,9,September,Q3,Cloud Architect,19,5,1,0,0.0,57,Referidos
CNT01987,E09,Deintec,2023,9,September,Q3,Scrum Master,33,10,2,1,3.03,45,LinkedIn
CNT01988,E09,Deintec,2023,9,September,Q3,Project Manager,5,1,1,0,0.0,23,OCC Mundial
CNT01989,E09,Deintec,2023,9,September,Q3,Cybersecurity Analyst,70,28,10,6,8.57,53,Glassdoor
CNT01990,E09,Deintec,2023,10,October,Q4,Data Analyst,55,22,7,4,7.27,37,LinkedIn
CNT01991,E09,Deintec,2023,10,October,Q4,Software Developer,95,39,12,10,10.53,21,LinkedIn
CNT01992,E09,Deintec,2023,10,October,Q4,Backend Developer,95,34,12,10,10.53,42,LinkedIn
CNT01993,E09,Deintec,2023,10,October,Q4,Frontend Developer,14,5,1,0,0.0,26,LinkedIn
CNT01994,E09,Deintec,2023,10,October,Q4,Full Stack Developer,45,18,5,4,8.89,60,Csoftmty Jobs
CNT01995,E09,Deintec,2023,10,October,Q4,DevOps Engineer,44,12,4,3,6.82,43,LinkedIn
CNT01996,E09,Deintec,2023,10,October,Q4,Cloud Architect,5,2,1,0,0.0,57,LinkedIn
CNT01997,E09,Deintec,2023,10,October,Q4,Scrum Master,15,5,1,0,0.0,44,LinkedIn
CNT01998,E09,Deintec,2023,10,October,Q4,Project Manager,38,11,3,2,5.26,36,LinkedIn
CNT01999,E09,Deintec,2023,10,October,Q4,Cybersecurity Analyst,44,16,3,2,4.55,41,OCC Mundial
CNT02000,E09,Deintec,2023,11,November,Q4,Data Analyst,48,12,3,2,4.17,50,Csoftmty Jobs
CNT02001,E09,Deintec,2023,11,November,Q4,Software Developer,144,54,18,14,9.72,55,OCC Mundial
CNT02002,E09,Deintec,2023,11,November,Q4,Backend Developer,57,21,5,3,5.26,36,OCC Mundial
CNT02003,E09,Deintec,2023,11,November,Q4,Frontend Developer,36,9,2,1,2.78,27,LinkedIn
CNT02004,E09,Deintec,2023,11,November,Q4,Full Stack Developer,28,10,2,1,3.57,42,LinkedIn
CNT02005,E09,Deintec,2023,11,November,Q4,DevOps Engineer,40,13,3,2,5.0,48,Glassdoor
CNT02006,E09,Deintec,2023,11,November,Q4,Cloud Architect,5,2,1,0,0.0,18,Universidad UANL/ITESM
CNT02007,E09,Deintec,2023,11,November,Q4,Scrum Master,52,14,5,3,5.77,30,Referidos
CNT02008,E09,Deintec,2023,11,November,Q4,Project Manager,16,6,1,0,0.0,25,OCC Mundial
CNT02009,E09,Deintec,2023,11,November,Q4,Cybersecurity Analyst,52,20,5,3,5.77,42,Glassdoor
CNT02010,E09,Deintec,2023,12,December,Q4,Data Analyst,32,9,2,1,3.12,42,Universidad UANL/ITESM
CNT02011,E09,Deintec,2023,12,December,Q4,Software Developer,42,11,3,1,2.38,64,Universidad UANL/ITESM
CNT02012,E09,Deintec,2023,12,December,Q4,Backend Developer,42,15,4,3,7.14,46,OCC Mundial
CNT02013,E09,Deintec,2023,12,December,Q4,Frontend Developer,60,23,7,4,6.67,43,OCC Mundial
CNT02014,E09,Deintec,2023,12,December,Q4,Full Stack Developer,18,6,1,0,0.0,20,OCC Mundial
CNT02015,E09,Deintec,2023,12,December,Q4,DevOps Engineer,38,13,4,2,5.26,51,LinkedIn
CNT02016,E09,Deintec,2023,12,December,Q4,Scrum Master,30,9,2,1,3.33,24,OCC Mundial
CNT02017,E09,Deintec,2023,12,December,Q4,Project Manager,16,4,1,0,0.0,45,LinkedIn
CNT02018,E09,Deintec,2023,12,December,Q4,Cybersecurity Analyst,22,8,2,1,4.55,39,OCC Mundial
CNT02019,E09,Deintec,2024,1,January,Q1,Data Analyst,45,16,4,3,6.67,58,LinkedIn
CNT02020,E09,Deintec,2024,1,January,Q1,Software Developer,48,12,2,1,2.08,25,Csoftmty Jobs
CNT02021,E09,Deintec,2024,1,January,Q1,Backend Developer,54,17,4,3,5.56,27,LinkedIn
CNT02022,E09,Deintec,2024,1,January,Q1,Frontend Developer,39,15,3,2,5.13,27,Referidos
CNT02023,E09,Deintec,2024,1,January,Q1,Full Stack Developer,9,2,1,0,0.0,41,OCC Mundial
CNT02024,E09,Deintec,2024,1,January,Q1,DevOps Engineer,24,6,2,1,4.17,29,Referidos
CNT02025,E09,Deintec,2024,1,January,Q1,Cloud Architect,18,6,1,0,0.0,29,OCC Mundial
CNT02026,E09,Deintec,2024,1,January,Q1,Scrum Master,36,11,3,2,5.56,48,Glassdoor
CNT02027,E09,Deintec,2024,1,January,Q1,Project Manager,14,6,1,0,0.0,26,LinkedIn
CNT02028,E09,Deintec,2024,1,January,Q1,Cybersecurity Analyst,30,9,2,1,3.33,38,OCC Mundial
CNT02029,E09,Deintec,2024,2,February,Q1,Data Analyst,27,7,1,0,0.0,56,LinkedIn
CNT02030,E09,Deintec,2024,2,February,Q1,Software Developer,104,33,12,7,6.73,49,LinkedIn
CNT02031,E09,Deintec,2024,2,February,Q1,Backend Developer,36,14,3,1,2.78,39,OCC Mundial
CNT02032,E09,Deintec,2024,2,February,Q1,Frontend Developer,14,3,1,0,0.0,21,Csoftmty Jobs
CNT02033,E09,Deintec,2024,2,February,Q1,Full Stack Developer,75,26,5,4,5.33,36,Referidos
CNT02034,E09,Deintec,2024,2,February,Q1,DevOps Engineer,60,26,5,3,5.0,44,OCC Mundial
CNT02035,E09,Deintec,2024,2,February,Q1,Cloud Architect,54,19,4,2,3.7,35,LinkedIn
CNT02036,E09,Deintec,2024,2,February,Q1,Scrum Master,5,2,1,0,0.0,36,LinkedIn
CNT02037,E09,Deintec,2024,2,February,Q1,Project Manager,36,12,3,2,5.56,47,Glassdoor
CNT02038,E09,Deintec,2024,2,February,Q1,Cybersecurity Analyst,26,8,2,1,3.85,48,Referidos
CNT02039,E09,Deintec,2024,3,March,Q1,Data Analyst,60,15,5,4,6.67,32,LinkedIn
CNT02040,E09,Deintec,2024,3,March,Q1,Software Developer,150,39,13,10,6.67,43,Referidos
CNT02041,E09,Deintec,2024,3,March,Q1,Backend Developer,5,1,1,0,0.0,42,LinkedIn
CNT02042,E09,Deintec,2024,3,March,Q1,Frontend Developer,16,5,1,0,0.0,21,LinkedIn
CNT02043,E09,Deintec,2024,3,March,Q1,Full Stack Developer,22,9,2,1,4.55,24,Referidos
CNT02044,E09,Deintec,2024,3,March,Q1,DevOps Engineer,18,6,1,0,0.0,62,OCC Mundial
CNT02045,E09,Deintec,2024,3,March,Q1,Cloud Architect,20,5,1,0,0.0,58,OCC Mundial
CNT02046,E09,Deintec,2024,3,March,Q1,Scrum Master,18,6,2,1,5.56,31,LinkedIn
CNT02047,E09,Deintec,2024,3,March,Q1,Project Manager,52,17,3,2,3.85,53,LinkedIn
CNT02048,E09,Deintec,2024,4,April,Q2,Data Analyst,27,9,2,1,3.7,23,Glassdoor
CNT02049,E09,Deintec,2024,4,April,Q2,Software Developer,108,36,11,8,7.41,49,LinkedIn
CNT02050,E09,Deintec,2024,4,April,Q2,Backend Developer,17,5,1,0,0.0,58,LinkedIn
CNT02051,E09,Deintec,2024,4,April,Q2,Frontend Developer,38,12,4,3,7.89,40,Referidos
CNT02052,E09,Deintec,2024,4,April,Q2,Full Stack Developer,18,6,1,0,0.0,31,Referidos
CNT02053,E09,Deintec,2024,4,April,Q2,DevOps Engineer,16,5,1,0,0.0,42,OCC Mundial
CNT02054,E09,Deintec,2024,4,April,Q2,Cloud Architect,14,6,1,0,0.0,41,Glassdoor
CNT02055,E09,Deintec,2024,4,April,Q2,Scrum Master,11,3,1,0,0.0,64,Universidad UANL/ITESM
CNT02056,E09,Deintec,2024,4,April,Q2,Project Manager,34,11,2,1,2.94,35,Csoftmty Jobs
CNT02057,E09,Deintec,2024,4,April,Q2,Cybersecurity Analyst,50,13,3,2,4.0,46,Csoftmty Jobs
CNT02058,E09,Deintec,2024,5,May,Q2,Data Analyst,95,41,10,8,8.42,54,LinkedIn
CNT02059,E09,Deintec,2024,5,May,Q2,Software Developer,39,12,3,2,5.13,19,Csoftmty Jobs
CNT02060,E09,Deintec,2024,5,May,Q2,Backend Developer,36,12,3,2,5.56,38,Universidad UANL/ITESM
CNT02061,E09,Deintec,2024,5,May,Q2,Frontend Developer,26,11,3,2,7.69,61,Referidos
CNT02062,E09,Deintec,2024,5,May,Q2,Full Stack Developer,5,1,1,0,0.0,22,Universidad UANL/ITESM
CNT02063,E09,Deintec,2024,5,May,Q2,DevOps Engineer,36,10,3,2,5.56,21,Universidad UANL/ITESM
CNT02064,E09,Deintec,2024,5,May,Q2,Cloud Architect,24,9,2,1,4.17,46,LinkedIn
CNT02065,E09,Deintec,2024,5,May,Q2,Scrum Master,13,4,1,0,0.0,61,OCC Mundial
CNT02066,E09,Deintec,2024,5,May,Q2,Project Manager,5,1,1,0,0.0,18,OCC Mundial
CNT02067,E09,Deintec,2024,5,May,Q2,Cybersecurity Analyst,5,2,1,0,0.0,38,Referidos
CNT02068,E09,Deintec,2024,6,June,Q2,Data Analyst,12,5,1,0,0.0,29,LinkedIn
CNT02069,E09,Deintec,2024,6,June,Q2,Software Developer,108,32,8,5,4.63,61,Glassdoor
CNT02070,E09,Deintec,2024,6,June,Q2,Backend Developer,75,24,6,4,5.33,21,Universidad UANL/ITESM
CNT02071,E09,Deintec,2024,6,June,Q2,Frontend Developer,8,3,1,0,0.0,44,Referidos
CNT02072,E09,Deintec,2024,6,June,Q2,Full Stack Developer,65,28,6,3,4.62,64,LinkedIn
CNT02073,E09,Deintec,2024,6,June,Q2,DevOps Engineer,9,3,1,0,0.0,46,OCC Mundial
CNT02074,E09,Deintec,2024,6,June,Q2,Cloud Architect,8,2,1,0,0.0,41,Referidos
CNT02075,E09,Deintec,2024,6,June,Q2,Scrum Master,30,8,2,1,3.33,34,LinkedIn
CNT02076,E09,Deintec,2024,6,June,Q2,Project Manager,10,3,1,0,0.0,18,Universidad UANL/ITESM
CNT02077,E09,Deintec,2024,6,June,Q2,Cybersecurity Analyst,44,18,7,6,13.64,60,Glassdoor
CNT02078,E09,Deintec,2024,7,July,Q3,Data Analyst,32,13,4,2,6.25,36,Universidad UANL/ITESM
CNT02079,E09,Deintec,2024,7,July,Q3,Software Developer,42,13,2,1,2.38,57,Universidad UANL/ITESM
CNT02080,E09,Deintec,2024,7,July,Q3,Backend Developer,30,8,2,1,3.33,50,Referidos
CNT02081,E09,Deintec,2024,7,July,Q3,Frontend Developer,42,13,2,1,2.38,34,Csoftmty Jobs
CNT02082,E09,Deintec,2024,7,July,Q3,Full Stack Developer,48,17,4,3,6.25,42,LinkedIn
CNT02083,E09,Deintec,2024,7,July,Q3,DevOps Engineer,34,10,2,1,2.94,64,Referidos
CNT02084,E09,Deintec,2024,7,July,Q3,Cloud Architect,27,7,1,0,0.0,44,OCC Mundial
CNT02085,E09,Deintec,2024,7,July,Q3,Scrum Master,36,15,3,2,5.56,32,LinkedIn
CNT02086,E09,Deintec,2024,7,July,Q3,Project Manager,36,11,2,1,2.78,62,LinkedIn
CNT02087,E09,Deintec,2024,7,July,Q3,Cybersecurity Analyst,28,11,2,1,3.57,31,LinkedIn
CNT02088,E09,Deintec,2024,8,August,Q3,Data Analyst,75,22,5,3,4.0,41,OCC Mundial
CNT02089,E09,Deintec,2024,8,August,Q3,Software Developer,56,23,4,2,3.57,57,LinkedIn
CNT02090,E09,Deintec,2024,8,August,Q3,Backend Developer,57,17,6,3,5.26,44,LinkedIn
CNT02091,E09,Deintec,2024,8,August,Q3,Frontend Developer,64,16,6,3,4.69,59,LinkedIn
CNT02092,E09,Deintec,2024,8,August,Q3,Full Stack Developer,52,21,5,3,5.77,32,OCC Mundial
CNT02093,E09,Deintec,2024,8,August,Q3,DevOps Engineer,45,13,5,4,8.89,32,LinkedIn
CNT02094,E09,Deintec,2024,8,August,Q3,Cloud Architect,14,5,1,0,0.0,28,LinkedIn
CNT02095,E09,Deintec,2024,8,August,Q3,Scrum Master,40,11,3,2,5.0,20,OCC Mundial
CNT02096,E09,Deintec,2024,8,August,Q3,Project Manager,5,2,1,0,0.0,47,Referidos
CNT02097,E09,Deintec,2024,8,August,Q3,Cybersecurity Analyst,56,23,8,6,10.71,56,LinkedIn
CNT02098,E09,Deintec,2024,9,September,Q3,Data Analyst,36,14,3,2,5.56,61,LinkedIn
CNT02099,E09,Deintec,2024,9,September,Q3,Software Developer,108,37,8,6,5.56,42,Referidos
CNT02100,E09,Deintec,2024,9,September,Q3,Backend Developer,45,12,3,2,4.44,20,OCC Mundial
CNT02101,E09,Deintec,2024,9,September,Q3,Frontend Developer,20,8,2,1,5.0,38,Glassdoor
CNT02102,E09,Deintec,2024,9,September,Q3,Full Stack Developer,30,8,1,0,0.0,37,OCC Mundial
CNT02103,E09,Deintec,2024,9,September,Q3,DevOps Engineer,5,1,1,0,0.0,33,Referidos
CNT02104,E09,Deintec,2024,9,September,Q3,Cloud Architect,38,11,2,1,2.63,64,LinkedIn
CNT02105,E09,Deintec,2024,9,September,Q3,Scrum Master,11,2,1,0,0.0,24,Referidos
CNT02106,E09,Deintec,2024,9,September,Q3,Project Manager,15,6,1,0,0.0,37,LinkedIn
CNT02107,E09,Deintec,2024,9,September,Q3,Cybersecurity Analyst,10,3,1,0,0.0,32,OCC Mundial
CNT02108,E09,Deintec,2024,10,October,Q4,Data Analyst,128,41,9,6,4.69,46,Referidos
CNT02109,E09,Deintec,2024,10,October,Q4,Software Developer,198,62,18,11,5.56,52,OCC Mundial
CNT02110,E09,Deintec,2024,10,October,Q4,Backend Developer,12,3,1,0,0.0,24,LinkedIn
CNT02111,E09,Deintec,2024,10,October,Q4,Frontend Developer,20,6,1,0,0.0,40,Glassdoor
CNT02112,E09,Deintec,2024,10,October,Q4,Full Stack Developer,12,5,1,0,0.0,58,Glassdoor
CNT02113,E09,Deintec,2024,10,October,Q4,DevOps Engineer,15,5,1,0,0.0,20,LinkedIn
CNT02114,E09,Deintec,2024,10,October,Q4,Cloud Architect,45,14,4,3,6.67,47,LinkedIn
CNT02115,E09,Deintec,2024,10,October,Q4,Scrum Master,20,7,2,1,5.0,59,LinkedIn
CNT02116,E09,Deintec,2024,10,October,Q4,Project Manager,18,6,1,0,0.0,24,OCC Mundial
CNT02117,E09,Deintec,2024,10,October,Q4,Cybersecurity Analyst,8,2,1,0,0.0,44,OCC Mundial
CNT02118,E09,Deintec,2024,11,November,Q4,Data Analyst,52,21,6,4,7.69,38,Csoftmty Jobs
CNT02119,E09,Deintec,2024,11,November,Q4,Software Developer,27,10,2,1,3.7,59,Csoftmty Jobs
CNT02120,E09,Deintec,2024,11,November,Q4,Backend Developer,26,8,1,0,0.0,35,OCC Mundial
CNT02121,E09,Deintec,2024,11,November,Q4,Frontend Developer,30,12,4,3,10.0,43,LinkedIn
CNT02122,E09,Deintec,2024,11,November,Q4,Full Stack Developer,28,12,3,2,7.14,28,Referidos
CNT02123,E09,Deintec,2024,11,November,Q4,DevOps Engineer,5,2,1,0,0.0,60,LinkedIn
CNT02124,E09,Deintec,2024,11,November,Q4,Cloud Architect,36,14,3,2,5.56,41,Referidos
CNT02125,E09,Deintec,2024,11,November,Q4,Scrum Master,18,6,1,0,0.0,20,Glassdoor
CNT02126,E09,Deintec,2024,11,November,Q4,Project Manager,51,17,5,3,5.88,51,OCC Mundial
CNT02127,E09,Deintec,2024,11,November,Q4,Cybersecurity Analyst,30,13,3,1,3.33,52,LinkedIn
CNT02128,E09,Deintec,2024,12,December,Q4,Data Analyst,10,3,1,0,0.0,19,OCC Mundial
CNT02129,E09,Deintec,2024,12,December,Q4,Software Developer,48,17,5,3,6.25,18,LinkedIn
CNT02130,E09,Deintec,2024,12,December,Q4,Backend Developer,60,15,4,3,5.0,36,Glassdoor
CNT02131,E09,Deintec,2024,12,December,Q4,Frontend Developer,10,4,1,0,0.0,44,LinkedIn
CNT02132,E09,Deintec,2024,12,December,Q4,Full Stack Developer,76,22,8,4,5.26,47,Csoftmty Jobs
CNT02133,E09,Deintec,2024,12,December,Q4,DevOps Engineer,42,16,4,3,7.14,56,Csoftmty Jobs
CNT02134,E09,Deintec,2024,12,December,Q4,Cloud Architect,8,2,1,0,0.0,48,OCC Mundial
CNT02135,E09,Deintec,2024,12,December,Q4,Scrum Master,48,21,7,5,10.42,46,LinkedIn
CNT02136,E09,Deintec,2024,12,December,Q4,Project Manager,32,12,2,1,3.12,21,Referidos
CNT02137,E09,Deintec,2024,12,December,Q4,Cybersecurity Analyst,28,11,2,1,3.57,32,OCC Mundial
CNT02138,E10,Axsis Tecnología,2023,1,January,Q1,Data Analyst,18,6,1,0,0.0,44,LinkedIn
CNT02139,E10,Axsis Tecnología,2023,1,January,Q1,Software Developer,70,22,7,5,7.14,59,LinkedIn
CNT02140,E10,Axsis Tecnología,2023,1,January,Q1,Backend Developer,27,8,3,1,3.7,52,Glassdoor
CNT02141,E10,Axsis Tecnología,2023,1,January,Q1,Frontend Developer,18,5,1,0,0.0,38,Universidad UANL/ITESM
CNT02142,E10,Axsis Tecnología,2023,1,January,Q1,Full Stack Developer,30,12,3,1,3.33,55,OCC Mundial
CNT02143,E10,Axsis Tecnología,2023,1,January,Q1,DevOps Engineer,9,3,1,0,0.0,48,Referidos
CNT02144,E10,Axsis Tecnología,2023,1,January,Q1,Cloud Architect,36,11,4,2,5.56,33,Glassdoor
CNT02145,E10,Axsis Tecnología,2023,1,January,Q1,Scrum Master,14,4,1,0,0.0,58,OCC Mundial
CNT02146,E10,Axsis Tecnología,2023,1,January,Q1,Project Manager,18,5,1,0,0.0,18,LinkedIn
CNT02147,E10,Axsis Tecnología,2023,1,January,Q1,Cybersecurity Analyst,54,19,5,4,7.41,49,Csoftmty Jobs
CNT02148,E10,Axsis Tecnología,2023,2,February,Q1,Data Analyst,72,28,10,7,9.72,29,LinkedIn
CNT02149,E10,Axsis Tecnología,2023,2,February,Q1,Software Developer,96,36,10,7,7.29,19,Referidos
CNT02150,E10,Axsis Tecnología,2023,2,February,Q1,Backend Developer,28,11,2,1,3.57,29,LinkedIn
CNT02151,E10,Axsis Tecnología,2023,2,February,Q1,Frontend Developer,24,7,1,0,0.0,59,OCC Mundial
CNT02152,E10,Axsis Tecnología,2023,2,February,Q1,Full Stack Developer,56,23,7,4,7.14,46,LinkedIn
CNT02153,E10,Axsis Tecnología,2023,2,February,Q1,DevOps Engineer,27,8,1,0,0.0,50,OCC Mundial
CNT02154,E10,Axsis Tecnología,2023,2,February,Q1,Cloud Architect,12,4,1,0,0.0,53,OCC Mundial
CNT02155,E10,Axsis Tecnología,2023,2,February,Q1,Scrum Master,12,4,1,0,0.0,58,OCC Mundial
CNT02156,E10,Axsis Tecnología,2023,2,February,Q1,Project Manager,5,1,1,0,0.0,26,Referidos
CNT02157,E10,Axsis Tecnología,2023,3,March,Q1,Data Analyst,28,9,2,1,3.57,18,LinkedIn
CNT02158,E10,Axsis Tecnología,2023,3,March,Q1,Software Developer,52,20,6,4,7.69,47,LinkedIn
CNT02159,E10,Axsis Tecnología,2023,3,March,Q1,Backend Developer,11,3,1,0,0.0,48,Csoftmty Jobs
CNT02160,E10,Axsis Tecnología,2023,3,March,Q1,Frontend Developer,11,4,1,0,0.0,47,Referidos
CNT02161,E10,Axsis Tecnología,2023,3,March,Q1,Full Stack Developer,32,13,4,2,6.25,61,LinkedIn
CNT02162,E10,Axsis Tecnología,2023,3,March,Q1,DevOps Engineer,20,6,1,0,0.0,28,LinkedIn
CNT02163,E10,Axsis Tecnología,2023,3,March,Q1,Cloud Architect,22,8,1,0,0.0,58,Universidad UANL/ITESM
CNT02164,E10,Axsis Tecnología,2023,3,March,Q1,Scrum Master,19,6,1,0,0.0,56,Csoftmty Jobs
CNT02165,E10,Axsis Tecnología,2023,3,March,Q1,Project Manager,16,4,1,0,0.0,56,LinkedIn
CNT02166,E10,Axsis Tecnología,2023,3,March,Q1,Cybersecurity Analyst,5,2,1,0,0.0,57,Referidos
CNT02167,E10,Axsis Tecnología,2023,4,April,Q2,Data Analyst,39,15,3,1,2.56,23,LinkedIn
CNT02168,E10,Axsis Tecnología,2023,4,April,Q2,Software Developer,90,24,7,4,4.44,58,Csoftmty Jobs
CNT02169,E10,Axsis Tecnología,2023,4,April,Q2,Backend Developer,60,17,5,3,5.0,56,LinkedIn
CNT02170,E10,Axsis Tecnología,2023,4,April,Q2,Frontend Developer,13,5,1,0,0.0,58,Glassdoor
CNT02171,E10,Axsis Tecnología,2023,4,April,Q2,Full Stack Developer,12,4,1,0,0.0,26,OCC Mundial
CNT02172,E10,Axsis Tecnología,2023,4,April,Q2,Cloud Architect,5,1,1,0,0.0,31,Referidos
CNT02173,E10,Axsis Tecnología,2023,4,April,Q2,Scrum Master,5,1,1,0,0.0,20,Csoftmty Jobs
CNT02174,E10,Axsis Tecnología,2023,4,April,Q2,Project Manager,32,11,3,2,6.25,40,OCC Mundial
CNT02175,E10,Axsis Tecnología,2023,5,May,Q2,Data Analyst,12,3,1,0,0.0,50,LinkedIn
CNT02176,E10,Axsis Tecnología,2023,5,May,Q2,Software Developer,114,39,7,5,4.39,43,LinkedIn
CNT02177,E10,Axsis Tecnología,2023,5,May,Q2,Backend Developer,40,13,3,2,5.0,38,OCC Mundial
CNT02178,E10,Axsis Tecnología,2023,5,May,Q2,Frontend Developer,30,10,3,1,3.33,55,LinkedIn
CNT02179,E10,Axsis Tecnología,2023,5,May,Q2,Full Stack Developer,14,5,1,0,0.0,43,LinkedIn
CNT02180,E10,Axsis Tecnología,2023,5,May,Q2,DevOps Engineer,5,1,1,0,0.0,41,LinkedIn
CNT02181,E10,Axsis Tecnología,2023,5,May,Q2,Cloud Architect,18,7,2,1,5.56,21,LinkedIn
CNT02182,E10,Axsis Tecnología,2023,5,May,Q2,Scrum Master,5,1,1,0,0.0,38,LinkedIn
CNT02183,E10,Axsis Tecnología,2023,5,May,Q2,Project Manager,5,1,1,0,0.0,30,OCC Mundial
CNT02184,E10,Axsis Tecnología,2023,6,June,Q2,Data Analyst,60,26,8,7,11.67,30,Glassdoor
CNT02185,E10,Axsis Tecnología,2023,6,June,Q2,Software Developer,114,48,15,9,7.89,62,LinkedIn
CNT02186,E10,Axsis Tecnología,2023,6,June,Q2,Backend Developer,28,11,4,2,7.14,38,LinkedIn
CNT02187,E10,Axsis Tecnología,2023,6,June,Q2,Frontend Developer,20,6,2,1,5.0,45,OCC Mundial
CNT02188,E10,Axsis Tecnología,2023,6,June,Q2,Full Stack Developer,64,28,10,7,10.94,64,Csoftmty Jobs
CNT02189,E10,Axsis Tecnología,2023,6,June,Q2,DevOps Engineer,28,9,2,1,3.57,22,OCC Mundial
CNT02190,E10,Axsis Tecnología,2023,6,June,Q2,Cloud Architect,5,1,1,0,0.0,57,OCC Mundial
CNT02191,E10,Axsis Tecnología,2023,6,June,Q2,Scrum Master,5,1,1,0,0.0,33,LinkedIn
CNT02192,E10,Axsis Tecnología,2023,6,June,Q2,Project Manager,27,11,2,1,3.7,27,OCC Mundial
CNT02193,E10,Axsis Tecnología,2023,7,July,Q3,Data Analyst,20,7,1,0,0.0,44,Csoftmty Jobs
CNT02194,E10,Axsis Tecnología,2023,7,July,Q3,Software Developer,48,13,5,3,6.25,40,LinkedIn
CNT02195,E10,Axsis Tecnología,2023,7,July,Q3,Backend Developer,16,5,1,0,0.0,56,LinkedIn
CNT02196,E10,Axsis Tecnología,2023,7,July,Q3,Frontend Developer,18,7,2,1,5.56,26,LinkedIn
CNT02197,E10,Axsis Tecnología,2023,7,July,Q3,Full Stack Developer,95,37,9,7,7.37,43,LinkedIn
CNT02198,E10,Axsis Tecnología,2023,7,July,Q3,DevOps Engineer,20,8,2,1,5.0,53,LinkedIn
CNT02199,E10,Axsis Tecnología,2023,7,July,Q3,Cloud Architect,17,4,1,0,0.0,38,Csoftmty Jobs
CNT02200,E10,Axsis Tecnología,2023,7,July,Q3,Scrum Master,17,5,1,0,0.0,59,Csoftmty Jobs
CNT02201,E10,Axsis Tecnología,2023,7,July,Q3,Project Manager,8,2,1,0,0.0,27,OCC Mundial
CNT02202,E10,Axsis Tecnología,2023,7,July,Q3,Cybersecurity Analyst,10,2,1,0,0.0,37,LinkedIn
CNT02203,E10,Axsis Tecnología,2023,8,August,Q3,Data Analyst,13,5,1,0,0.0,48,OCC Mundial
CNT02204,E10,Axsis Tecnología,2023,8,August,Q3,Software Developer,108,28,6,5,4.63,35,LinkedIn
CNT02205,E10,Axsis Tecnología,2023,8,August,Q3,Backend Developer,30,11,4,2,6.67,40,LinkedIn
CNT02206,E10,Axsis Tecnología,2023,8,August,Q3,Frontend Developer,39,14,5,4,10.26,21,Csoftmty Jobs
CNT02207,E10,Axsis Tecnología,2023,8,August,Q3,Full Stack Developer,16,6,1,0,0.0,52,LinkedIn
CNT02208,E10,Axsis Tecnología,2023,8,August,Q3,DevOps Engineer,5,1,1,0,0.0,42,Glassdoor
CNT02209,E10,Axsis Tecnología,2023,8,August,Q3,Cloud Architect,11,3,1,0,0.0,35,LinkedIn
CNT02210,E10,Axsis Tecnología,2023,8,August,Q3,Scrum Master,10,3,1,0,0.0,52,LinkedIn
CNT02211,E10,Axsis Tecnología,2023,8,August,Q3,Project Manager,5,1,1,0,0.0,29,OCC Mundial
CNT02212,E10,Axsis Tecnología,2023,8,August,Q3,Cybersecurity Analyst,64,28,6,4,6.25,34,Universidad UANL/ITESM
CNT02213,E10,Axsis Tecnología,2023,9,September,Q3,Data Analyst,36,15,5,3,8.33,63,Referidos
CNT02214,E10,Axsis Tecnología,2023,9,September,Q3,Software Developer,75,29,7,4,5.33,25,OCC Mundial
CNT02215,E10,Axsis Tecnología,2023,9,September,Q3,Backend Developer,60,24,7,5,8.33,50,LinkedIn
CNT02216,E10,Axsis Tecnología,2023,9,September,Q3,Frontend Developer,26,10,2,1,3.85,36,LinkedIn
CNT02217,E10,Axsis Tecnología,2023,9,September,Q3,Full Stack Developer,32,11,2,1,3.12,21,LinkedIn
CNT02218,E10,Axsis Tecnología,2023,9,September,Q3,DevOps Engineer,48,14,5,3,6.25,55,Glassdoor
CNT02219,E10,Axsis Tecnología,2023,9,September,Q3,Scrum Master,5,2,1,0,0.0,60,Referidos
CNT02220,E10,Axsis Tecnología,2023,9,September,Q3,Project Manager,32,13,2,1,3.12,39,OCC Mundial
CNT02221,E10,Axsis Tecnología,2023,9,September,Q3,Cybersecurity Analyst,26,8,2,1,3.85,18,LinkedIn
CNT02222,E10,Axsis Tecnología,2023,10,October,Q4,Data Analyst,32,8,2,1,3.12,47,LinkedIn
CNT02223,E10,Axsis Tecnología,2023,10,October,Q4,Software Developer,28,7,2,1,3.57,47,LinkedIn
CNT02224,E10,Axsis Tecnología,2023,10,October,Q4,Backend Developer,30,10,3,1,3.33,64,Referidos
CNT02225,E10,Axsis Tecnología,2023,10,October,Q4,Frontend Developer,17,5,1,0,0.0,20,Csoftmty Jobs
CNT02226,E10,Axsis Tecnología,2023,10,October,Q4,Full Stack Developer,11,4,1,0,0.0,31,LinkedIn
CNT02227,E10,Axsis Tecnología,2023,10,October,Q4,DevOps Engineer,28,10,2,1,3.57,24,Universidad UANL/ITESM
CNT02228,E10,Axsis Tecnología,2023,10,October,Q4,Cloud Architect,13,4,1,0,0.0,50,LinkedIn
CNT02229,E10,Axsis Tecnología,2023,10,October,Q4,Scrum Master,30,9,2,1,3.33,35,OCC Mundial
CNT02230,E10,Axsis Tecnología,2023,10,October,Q4,Cybersecurity Analyst,64,24,7,5,7.81,50,Csoftmty Jobs
CNT02231,E10,Axsis Tecnología,2023,11,November,Q4,Data Analyst,68,17,6,4,5.88,45,LinkedIn
CNT02232,E10,Axsis Tecnología,2023,11,November,Q4,Software Developer,24,9,3,2,8.33,24,LinkedIn
CNT02233,E10,Axsis Tecnología,2023,11,November,Q4,Backend Developer,72,30,7,4,5.56,32,LinkedIn
CNT02234,E10,Axsis Tecnología,2023,11,November,Q4,Frontend Developer,42,17,6,4,9.52,23,Glassdoor
CNT02235,E10,Axsis Tecnología,2023,11,November,Q4,Full Stack Developer,76,32,11,6,7.89,18,Csoftmty Jobs
CNT02236,E10,Axsis Tecnología,2023,11,November,Q4,DevOps Engineer,44,13,4,2,4.55,42,Universidad UANL/ITESM
CNT02237,E10,Axsis Tecnología,2023,11,November,Q4,Cloud Architect,22,8,2,1,4.55,62,Referidos
CNT02238,E10,Axsis Tecnología,2023,11,November,Q4,Scrum Master,33,8,2,1,3.03,24,OCC Mundial
CNT02239,E10,Axsis Tecnología,2023,11,November,Q4,Project Manager,38,13,2,1,2.63,28,LinkedIn
CNT02240,E10,Axsis Tecnología,2023,11,November,Q4,Cybersecurity Analyst,9,2,1,0,0.0,44,OCC Mundial
CNT02241,E10,Axsis Tecnología,2023,12,December,Q4,Data Analyst,20,8,1,0,0.0,56,Glassdoor
CNT02242,E10,Axsis Tecnología,2023,12,December,Q4,Software Developer,119,40,12,9,7.56,23,LinkedIn
CNT02243,E10,Axsis Tecnología,2023,12,December,Q4,Backend Developer,8,2,1,0,0.0,64,OCC Mundial
CNT02244,E10,Axsis Tecnología,2023,12,December,Q4,Frontend Developer,32,10,3,2,6.25,38,Referidos
CNT02245,E10,Axsis Tecnología,2023,12,December,Q4,Full Stack Developer,48,12,4,2,4.17,58,OCC Mundial
CNT02246,E10,Axsis Tecnología,2023,12,December,Q4,DevOps Engineer,15,5,1,0,0.0,31,LinkedIn
CNT02247,E10,Axsis Tecnología,2023,12,December,Q4,Cloud Architect,5,1,1,0,0.0,64,OCC Mundial
CNT02248,E10,Axsis Tecnología,2023,12,December,Q4,Scrum Master,24,6,1,0,0.0,41,Csoftmty Jobs
CNT02249,E10,Axsis Tecnología,2023,12,December,Q4,Project Manager,18,4,1,0,0.0,48,LinkedIn
CNT02250,E10,Axsis Tecnología,2023,12,December,Q4,Cybersecurity Analyst,5,1,1,0,0.0,59,Glassdoor
CNT02251,E10,Axsis Tecnología,2024,1,January,Q1,Data Analyst,36,15,3,2,5.56,28,Csoftmty Jobs
CNT02252,E10,Axsis Tecnología,2024,1,January,Q1,Software Developer,90,29,9,5,5.56,62,OCC Mundial
CNT02253,E10,Axsis Tecnología,2024,1,January,Q1,Backend Developer,33,11,2,1,3.03,48,LinkedIn
CNT02254,E10,Axsis Tecnología,2024,1,January,Q1,Frontend Developer,14,5,1,0,0.0,25,LinkedIn
CNT02255,E10,Axsis Tecnología,2024,1,January,Q1,Full Stack Developer,22,5,1,0,0.0,19,Referidos
CNT02256,E10,Axsis Tecnología,2024,1,January,Q1,DevOps Engineer,32,8,2,1,3.12,59,LinkedIn
CNT02257,E10,Axsis Tecnología,2024,1,January,Q1,Cloud Architect,16,5,1,0,0.0,24,LinkedIn
CNT02258,E10,Axsis Tecnología,2024,1,January,Q1,Scrum Master,54,24,7,4,7.41,57,LinkedIn
CNT02259,E10,Axsis Tecnología,2024,1,January,Q1,Project Manager,20,8,2,1,5.0,22,OCC Mundial
CNT02260,E10,Axsis Tecnología,2024,1,January,Q1,Cybersecurity Analyst,30,10,3,2,6.67,30,LinkedIn
CNT02261,E10,Axsis Tecnología,2024,2,February,Q1,Data Analyst,10,4,1,0,0.0,37,LinkedIn
CNT02262,E10,Axsis Tecnología,2024,2,February,Q1,Software Developer,160,47,12,8,5.0,60,LinkedIn
CNT02263,E10,Axsis Tecnología,2024,2,February,Q1,Backend Developer,72,30,8,5,6.94,33,Csoftmty Jobs
CNT02264,E10,Axsis Tecnología,2024,2,February,Q1,Frontend Developer,13,5,1,0,0.0,20,OCC Mundial
CNT02265,E10,Axsis Tecnología,2024,2,February,Q1,Full Stack Developer,85,30,9,5,5.88,30,LinkedIn
CNT02266,E10,Axsis Tecnología,2024,2,February,Q1,DevOps Engineer,17,6,1,0,0.0,57,LinkedIn
CNT02267,E10,Axsis Tecnología,2024,2,February,Q1,Cloud Architect,17,4,1,0,0.0,37,Referidos
CNT02268,E10,Axsis Tecnología,2024,2,February,Q1,Scrum Master,5,1,1,0,0.0,46,LinkedIn
CNT02269,E10,Axsis Tecnología,2024,2,February,Q1,Cybersecurity Analyst,20,5,1,0,0.0,61,LinkedIn
CNT02270,E10,Axsis Tecnología,2024,3,March,Q1,Data Analyst,76,27,7,5,6.58,45,Glassdoor
CNT02271,E10,Axsis Tecnología,2024,3,March,Q1,Software Developer,52,23,4,2,3.85,36,Universidad UANL/ITESM
CNT02272,E10,Axsis Tecnología,2024,3,March,Q1,Backend Developer,28,9,2,1,3.57,64,LinkedIn
CNT02273,E10,Axsis Tecnología,2024,3,March,Q1,Frontend Developer,5,2,1,0,0.0,55,Referidos
CNT02274,E10,Axsis Tecnología,2024,3,March,Q1,Full Stack Developer,54,18,5,3,5.56,35,LinkedIn
CNT02275,E10,Axsis Tecnología,2024,3,March,Q1,DevOps Engineer,9,2,1,0,0.0,46,Universidad UANL/ITESM
CNT02276,E10,Axsis Tecnología,2024,3,March,Q1,Cloud Architect,19,6,2,1,5.26,28,OCC Mundial
CNT02277,E10,Axsis Tecnología,2024,3,March,Q1,Scrum Master,30,9,2,1,3.33,42,Referidos
CNT02278,E10,Axsis Tecnología,2024,3,March,Q1,Project Manager,11,3,1,0,0.0,59,OCC Mundial
CNT02279,E10,Axsis Tecnología,2024,3,March,Q1,Cybersecurity Analyst,10,4,1,0,0.0,43,LinkedIn
CNT02280,E10,Axsis Tecnología,2024,4,April,Q2,Data Analyst,40,11,3,2,5.0,23,OCC Mundial
CNT02281,E10,Axsis Tecnología,2024,4,April,Q2,Software Developer,120,49,12,7,5.83,20,OCC Mundial
CNT02282,E10,Axsis Tecnología,2024,4,April,Q2,Backend Developer,84,23,8,5,5.95,31,OCC Mundial
CNT02283,E10,Axsis Tecnología,2024,4,April,Q2,Frontend Developer,38,11,3,2,5.26,21,LinkedIn
CNT02284,E10,Axsis Tecnología,2024,4,April,Q2,Full Stack Developer,18,7,1,0,0.0,38,Referidos
CNT02285,E10,Axsis Tecnología,2024,4,April,Q2,DevOps Engineer,48,19,4,3,6.25,55,Csoftmty Jobs
CNT02286,E10,Axsis Tecnología,2024,4,April,Q2,Cloud Architect,10,2,1,0,0.0,46,Universidad UANL/ITESM
CNT02287,E10,Axsis Tecnología,2024,4,April,Q2,Scrum Master,16,7,2,1,6.25,62,OCC Mundial
CNT02288,E10,Axsis Tecnología,2024,4,April,Q2,Project Manager,5,1,1,0,0.0,57,Referidos
CNT02289,E10,Axsis Tecnología,2024,4,April,Q2,Cybersecurity Analyst,5,1,1,0,0.0,39,OCC Mundial
CNT02290,E10,Axsis Tecnología,2024,5,May,Q2,Data Analyst,60,20,7,4,6.67,56,LinkedIn
CNT02291,E10,Axsis Tecnología,2024,5,May,Q2,Software Developer,63,21,4,2,3.17,24,LinkedIn
CNT02292,E10,Axsis Tecnología,2024,5,May,Q2,Backend Developer,48,15,5,3,6.25,52,LinkedIn
CNT02293,E10,Axsis Tecnología,2024,5,May,Q2,Frontend Developer,34,12,3,2,5.88,46,Glassdoor
CNT02294,E10,Axsis Tecnología,2024,5,May,Q2,Full Stack Developer,57,14,2,1,1.75,43,Referidos
CNT02295,E10,Axsis Tecnología,2024,5,May,Q2,DevOps Engineer,5,1,1,0,0.0,64,OCC Mundial
CNT02296,E10,Axsis Tecnología,2024,5,May,Q2,Scrum Master,9,2,1,0,0.0,46,Referidos
CNT02297,E10,Axsis Tecnología,2024,5,May,Q2,Cybersecurity Analyst,10,2,1,0,0.0,33,LinkedIn
CNT02298,E10,Axsis Tecnología,2024,6,June,Q2,Data Analyst,8,2,1,0,0.0,30,Glassdoor
CNT02299,E10,Axsis Tecnología,2024,6,June,Q2,Software Developer,26,10,3,2,7.69,19,OCC Mundial
CNT02300,E10,Axsis Tecnología,2024,6,June,Q2,Backend Developer,9,3,1,0,0.0,59,Referidos
CNT02301,E10,Axsis Tecnología,2024,6,June,Q2,Frontend Developer,26,9,2,1,3.85,58,OCC Mundial
CNT02302,E10,Axsis Tecnología,2024,6,June,Q2,Full Stack Developer,30,10,3,2,6.67,47,LinkedIn
CNT02303,E10,Axsis Tecnología,2024,6,June,Q2,DevOps Engineer,22,9,1,0,0.0,49,Referidos
CNT02304,E10,Axsis Tecnología,2024,6,June,Q2,Cloud Architect,5,2,1,0,0.0,42,Glassdoor
CNT02305,E10,Axsis Tecnología,2024,6,June,Q2,Scrum Master,45,20,7,4,8.89,32,Referidos
CNT02306,E10,Axsis Tecnología,2024,6,June,Q2,Project Manager,8,2,1,0,0.0,57,LinkedIn
CNT02307,E10,Axsis Tecnología,2024,6,June,Q2,Cybersecurity Analyst,5,2,1,0,0.0,44,LinkedIn
CNT02308,E10,Axsis Tecnología,2024,7,July,Q3,Data Analyst,39,10,3,2,5.13,44,Glassdoor
CNT02309,E10,Axsis Tecnología,2024,7,July,Q3,Software Developer,80,27,10,8,10.0,23,OCC Mundial
CNT02310,E10,Axsis Tecnología,2024,7,July,Q3,Backend Developer,57,22,8,5,8.77,44,Referidos
CNT02311,E10,Axsis Tecnología,2024,7,July,Q3,Frontend Developer,85,23,7,5,5.88,54,LinkedIn
CNT02312,E10,Axsis Tecnología,2024,7,July,Q3,Full Stack Developer,32,12,3,2,6.25,47,Referidos
CNT02313,E10,Axsis Tecnología,2024,7,July,Q3,DevOps Engineer,26,11,3,2,7.69,51,LinkedIn
CNT02314,E10,Axsis Tecnología,2024,7,July,Q3,Cloud Architect,32,11,2,1,3.12,56,Referidos
CNT02315,E10,Axsis Tecnología,2024,7,July,Q3,Scrum Master,14,5,1,0,0.0,28,OCC Mundial
CNT02316,E10,Axsis Tecnología,2024,7,July,Q3,Project Manager,54,17,6,5,9.26,30,LinkedIn
CNT02317,E10,Axsis Tecnología,2024,7,July,Q3,Cybersecurity Analyst,18,5,1,0,0.0,44,LinkedIn
CNT02318,E10,Axsis Tecnología,2024,8,August,Q3,Data Analyst,48,19,4,2,4.17,56,Referidos
CNT02319,E10,Axsis Tecnología,2024,8,August,Q3,Software Developer,48,16,5,4,8.33,51,Glassdoor
CNT02320,E10,Axsis Tecnología,2024,8,August,Q3,Backend Developer,48,19,4,3,6.25,51,LinkedIn
CNT02321,E10,Axsis Tecnología,2024,8,August,Q3,Frontend Developer,16,5,1,0,0.0,42,Referidos
CNT02322,E10,Axsis Tecnología,2024,8,August,Q3,Full Stack Developer,95,25,5,3,3.16,20,LinkedIn
CNT02323,E10,Axsis Tecnología,2024,8,August,Q3,Scrum Master,18,6,2,1,5.56,32,Glassdoor
CNT02324,E10,Axsis Tecnología,2024,8,August,Q3,Project Manager,11,4,1,0,0.0,28,LinkedIn
CNT02325,E10,Axsis Tecnología,2024,8,August,Q3,Cybersecurity Analyst,15,5,1,0,0.0,64,LinkedIn
CNT02326,E10,Axsis Tecnología,2024,9,September,Q3,Software Developer,96,38,11,7,7.29,41,Glassdoor
CNT02327,E10,Axsis Tecnología,2024,9,September,Q3,Backend Developer,18,4,1,0,0.0,56,Universidad UANL/ITESM
CNT02328,E10,Axsis Tecnología,2024,9,September,Q3,Frontend Developer,32,13,2,1,3.12,43,OCC Mundial
CNT02329,E10,Axsis Tecnología,2024,9,September,Q3,Full Stack Developer,34,11,3,2,5.88,59,OCC Mundial
CNT02330,E10,Axsis Tecnología,2024,9,September,Q3,DevOps Engineer,42,10,2,1,2.38,50,LinkedIn
CNT02331,E10,Axsis Tecnología,2024,9,September,Q3,Cloud Architect,19,6,1,0,0.0,42,Referidos
CNT02332,E10,Axsis Tecnología,2024,9,September,Q3,Scrum Master,24,9,3,1,4.17,51,OCC Mundial
CNT02333,E10,Axsis Tecnología,2024,9,September,Q3,Project Manager,16,4,1,0,0.0,29,LinkedIn
CNT02334,E10,Axsis Tecnología,2024,9,September,Q3,Cybersecurity Analyst,19,5,1,0,0.0,53,LinkedIn
CNT02335,E10,Axsis Tecnología,2024,10,October,Q4,Data Analyst,95,25,5,4,4.21,26,OCC Mundial
CNT02336,E10,Axsis Tecnología,2024,10,October,Q4,Software Developer,60,26,8,6,10.0,32,Glassdoor
CNT02337,E10,Axsis Tecnología,2024,10,October,Q4,Backend Developer,60,20,4,3,5.0,60,LinkedIn
CNT02338,E10,Axsis Tecnología,2024,10,October,Q4,Frontend Developer,15,6,1,0,0.0,45,LinkedIn
CNT02339,E10,Axsis Tecnología,2024,10,October,Q4,Full Stack Developer,16,6,1,0,0.0,60,Referidos
CNT02340,E10,Axsis Tecnología,2024,10,October,Q4,DevOps Engineer,5,1,1,0,0.0,37,Universidad UANL/ITESM
CNT02341,E10,Axsis Tecnología,2024,10,October,Q4,Scrum Master,5,1,1,0,0.0,62,OCC Mundial
CNT02342,E10,Axsis Tecnología,2024,10,October,Q4,Project Manager,36,12,3,1,2.78,27,Referidos
CNT02343,E10,Axsis Tecnología,2024,10,October,Q4,Cybersecurity Analyst,19,5,1,0,0.0,52,Glassdoor
CNT02344,E10,Axsis Tecnología,2024,11,November,Q4,Data Analyst,24,9,2,1,4.17,60,Glassdoor
CNT02345,E10,Axsis Tecnología,2024,11,November,Q4,Software Developer,90,31,11,8,8.89,21,Glassdoor
CNT02346,E10,Axsis Tecnología,2024,11,November,Q4,Frontend Developer,13,5,1,0,0.0,57,LinkedIn
CNT02347,E10,Axsis Tecnología,2024,11,November,Q4,Full Stack Developer,8,2,1,0,0.0,36,Referidos
CNT02348,E10,Axsis Tecnología,2024,11,November,Q4,DevOps Engineer,24,6,1,0,0.0,35,OCC Mundial
CNT02349,E10,Axsis Tecnología,2024,11,November,Q4,Project Manager,5,1,1,0,0.0,47,Universidad UANL/ITESM
CNT02350,E10,Axsis Tecnología,2024,11,November,Q4,Cybersecurity Analyst,45,16,4,3,6.67,54,LinkedIn
CNT02351,E10,Axsis Tecnología,2024,12,December,Q4,Data Analyst,28,9,2,1,3.57,18,Referidos
CNT02352,E10,Axsis Tecnología,2024,12,December,Q4,Software Developer,16,5,1,0,0.0,41,Universidad UANL/ITESM
CNT02353,E10,Axsis Tecnología,2024,12,December,Q4,Backend Developer,11,3,1,0,0.0,41,Referidos
CNT02354,E10,Axsis Tecnología,2024,12,December,Q4,Frontend Developer,55,19,6,3,5.45,56,OCC Mundial
CNT02355,E10,Axsis Tecnología,2024,12,December,Q4,Full Stack Developer,5,1,1,0,0.0,33,LinkedIn
CNT02356,E10,Axsis Tecnología,2024,12,December,Q4,DevOps Engineer,17,5,1,0,0.0,60,LinkedIn
CNT02357,E10,Axsis Tecnología,2024,12,December,Q4,Cloud Architect,34,10,2,1,2.94,40,Universidad UANL/ITESM
CNT02358,E10,Axsis Tecnología,2024,12,December,Q4,Project Manager,13,5,1,0,0.0,61,Referidos
CNT02359,E10,Axsis Tecnología,2024,12,December,Q4,Cybersecurity Analyst,19,6,2,1,5.26,24,Csoftmty Jobs
CNT02360,E11,Skye Group,2023,1,January,Q1,Data Analyst,30,10,2,1,3.33,44,Referidos
CNT02361,E11,Skye Group,2023,1,January,Q1,Software Developer,36,9,2,1,2.78,60,OCC Mundial
CNT02362,E11,Skye Group,2023,1,January,Q1,Backend Developer,85,33,10,7,8.24,61,Universidad UANL/ITESM
CNT02363,E11,Skye Group,2023,1,January,Q1,Frontend Developer,28,12,2,1,3.57,34,Universidad UANL/ITESM
CNT02364,E11,Skye Group,2023,1,January,Q1,Full Stack Developer,26,10,3,1,3.85,26,LinkedIn
CNT02365,E11,Skye Group,2023,1,January,Q1,Cloud Architect,13,4,1,0,0.0,23,Glassdoor
CNT02366,E11,Skye Group,2023,1,January,Q1,Scrum Master,38,16,5,4,10.53,51,OCC Mundial
CNT02367,E11,Skye Group,2023,1,January,Q1,Project Manager,52,22,8,5,9.62,38,LinkedIn
CNT02368,E11,Skye Group,2023,1,January,Q1,Cybersecurity Analyst,36,12,3,2,5.56,64,Glassdoor
CNT02369,E11,Skye Group,2023,2,February,Q1,Data Analyst,5,1,1,0,0.0,34,Universidad UANL/ITESM
CNT02370,E11,Skye Group,2023,2,February,Q1,Software Developer,33,12,4,2,6.06,33,Csoftmty Jobs
CNT02371,E11,Skye Group,2023,2,February,Q1,Backend Developer,57,22,4,3,5.26,52,LinkedIn
CNT02372,E11,Skye Group,2023,2,February,Q1,Frontend Developer,24,6,2,1,4.17,63,LinkedIn
CNT02373,E11,Skye Group,2023,2,February,Q1,Full Stack Developer,51,14,4,2,3.92,62,LinkedIn
CNT02374,E11,Skye Group,2023,2,February,Q1,DevOps Engineer,16,7,2,1,6.25,24,Csoftmty Jobs
CNT02375,E11,Skye Group,2023,2,February,Q1,Cloud Architect,18,7,2,1,5.56,36,OCC Mundial
CNT02376,E11,Skye Group,2023,2,February,Q1,Scrum Master,17,7,2,1,5.88,28,Referidos
CNT02377,E11,Skye Group,2023,2,February,Q1,Project Manager,45,15,4,2,4.44,30,Referidos
CNT02378,E11,Skye Group,2023,2,February,Q1,Cybersecurity Analyst,5,1,1,0,0.0,21,LinkedIn
CNT02379,E11,Skye Group,2023,3,March,Q1,Data Analyst,18,4,1,0,0.0,42,Referidos
CNT02380,E11,Skye Group,2023,3,March,Q1,Software Developer,40,11,3,2,5.0,63,LinkedIn
CNT02381,E11,Skye Group,2023,3,March,Q1,Backend Developer,13,4,1,0,0.0,44,OCC Mundial
CNT02382,E11,Skye Group,2023,3,March,Q1,Frontend Developer,11,3,1,0,0.0,28,LinkedIn
CNT02383,E11,Skye Group,2023,3,March,Q1,Full Stack Developer,26,11,3,2,7.69,32,Referidos
CNT02384,E11,Skye Group,2023,3,March,Q1,DevOps Engineer,12,3,1,0,0.0,57,LinkedIn
CNT02385,E11,Skye Group,2023,3,March,Q1,Cloud Architect,14,5,1,0,0.0,52,Universidad UANL/ITESM
CNT02386,E11,Skye Group,2023,3,March,Q1,Scrum Master,34,10,2,1,2.94,51,Glassdoor
CNT02387,E11,Skye Group,2023,3,March,Q1,Project Manager,11,3,1,0,0.0,38,Csoftmty Jobs
CNT02388,E11,Skye Group,2023,3,March,Q1,Cybersecurity Analyst,5,1,1,0,0.0,37,Referidos
CNT02389,E11,Skye Group,2023,4,April,Q2,Data Analyst,8,2,1,0,0.0,48,Glassdoor
CNT02390,E11,Skye Group,2023,4,April,Q2,Software Developer,54,17,4,2,3.7,27,LinkedIn
CNT02391,E11,Skye Group,2023,4,April,Q2,Backend Developer,14,5,1,0,0.0,61,OCC Mundial
CNT02392,E11,Skye Group,2023,4,April,Q2,Frontend Developer,26,7,2,1,3.85,54,OCC Mundial
CNT02393,E11,Skye Group,2023,4,April,Q2,Full Stack Developer,10,2,1,0,0.0,22,Referidos
CNT02394,E11,Skye Group,2023,4,April,Q2,DevOps Engineer,39,14,5,3,7.69,57,Glassdoor
CNT02395,E11,Skye Group,2023,4,April,Q2,Cloud Architect,5,2,1,0,0.0,61,Glassdoor
CNT02396,E11,Skye Group,2023,4,April,Q2,Scrum Master,36,13,5,4,11.11,64,Referidos
CNT02397,E11,Skye Group,2023,4,April,Q2,Project Manager,18,6,1,0,0.0,52,Csoftmty Jobs
CNT02398,E11,Skye Group,2023,4,April,Q2,Cybersecurity Analyst,17,5,1,0,0.0,60,Csoftmty Jobs
CNT02399,E11,Skye Group,2023,5,May,Q2,Data Analyst,114,34,12,9,7.89,53,LinkedIn
CNT02400,E11,Skye Group,2023,5,May,Q2,Software Developer,40,10,2,1,2.5,52,OCC Mundial
CNT02401,E11,Skye Group,2023,5,May,Q2,Backend Developer,14,5,1,0,0.0,34,Csoftmty Jobs
CNT02402,E11,Skye Group,2023,5,May,Q2,Frontend Developer,36,14,3,2,5.56,58,LinkedIn
CNT02403,E11,Skye Group,2023,5,May,Q2,Full Stack Developer,8,2,1,0,0.0,35,LinkedIn
CNT02404,E11,Skye Group,2023,5,May,Q2,DevOps Engineer,38,9,1,0,0.0,52,Referidos
CNT02405,E11,Skye Group,2023,5,May,Q2,Cloud Architect,5,2,1,0,0.0,57,Csoftmty Jobs
CNT02406,E11,Skye Group,2023,5,May,Q2,Scrum Master,14,5,1,0,0.0,61,Referidos
CNT02407,E11,Skye Group,2023,5,May,Q2,Project Manager,5,1,1,0,0.0,49,LinkedIn
CNT02408,E11,Skye Group,2023,6,June,Q2,Data Analyst,33,11,3,2,6.06,51,OCC Mundial
CNT02409,E11,Skye Group,2023,6,June,Q2,Software Developer,96,42,10,8,8.33,40,OCC Mundial
CNT02410,E11,Skye Group,2023,6,June,Q2,Backend Developer,14,3,1,0,0.0,42,Glassdoor
CNT02411,E11,Skye Group,2023,6,June,Q2,Frontend Developer,28,10,3,2,7.14,33,OCC Mundial
CNT02412,E11,Skye Group,2023,6,June,Q2,Full Stack Developer,34,10,3,2,5.88,57,OCC Mundial
CNT02413,E11,Skye Group,2023,6,June,Q2,DevOps Engineer,16,4,1,0,0.0,47,Referidos
CNT02414,E11,Skye Group,2023,6,June,Q2,Cloud Architect,18,6,1,0,0.0,45,LinkedIn
CNT02415,E11,Skye Group,2023,6,June,Q2,Scrum Master,16,5,1,0,0.0,24,LinkedIn
CNT02416,E11,Skye Group,2023,6,June,Q2,Project Manager,16,4,1,0,0.0,39,Referidos
CNT02417,E11,Skye Group,2023,6,June,Q2,Cybersecurity Analyst,24,6,1,0,0.0,34,LinkedIn
CNT02418,E11,Skye Group,2023,7,July,Q3,Data Analyst,22,8,3,2,9.09,60,Referidos
CNT02419,E11,Skye Group,2023,7,July,Q3,Software Developer,66,29,9,6,9.09,41,LinkedIn
CNT02420,E11,Skye Group,2023,7,July,Q3,Backend Developer,24,7,2,1,4.17,37,LinkedIn
CNT02421,E11,Skye Group,2023,7,July,Q3,Frontend Developer,32,8,2,1,3.12,28,LinkedIn
CNT02422,E11,Skye Group,2023,7,July,Q3,Full Stack Developer,52,21,6,4,7.69,40,OCC Mundial
CNT02423,E11,Skye Group,2023,7,July,Q3,DevOps Engineer,51,22,6,3,5.88,40,Glassdoor
CNT02424,E11,Skye Group,2023,7,July,Q3,Cloud Architect,5,1,1,0,0.0,38,LinkedIn
CNT02425,E11,Skye Group,2023,7,July,Q3,Scrum Master,17,6,1,0,0.0,32,Referidos
CNT02426,E11,Skye Group,2023,7,July,Q3,Project Manager,5,1,1,0,0.0,44,LinkedIn
CNT02427,E11,Skye Group,2023,7,July,Q3,Cybersecurity Analyst,54,15,3,2,3.7,56,Universidad UANL/ITESM
CNT02428,E11,Skye Group,2023,8,August,Q3,Data Analyst,11,4,1,0,0.0,62,LinkedIn
CNT02429,E11,Skye Group,2023,8,August,Q3,Software Developer,80,33,11,9,11.25,40,Universidad UANL/ITESM
CNT02430,E11,Skye Group,2023,8,August,Q3,Backend Developer,48,18,4,2,4.17,55,LinkedIn
CNT02431,E11,Skye Group,2023,8,August,Q3,Frontend Developer,56,16,6,4,7.14,19,Universidad UANL/ITESM
CNT02432,E11,Skye Group,2023,8,August,Q3,Full Stack Developer,5,2,1,0,0.0,32,LinkedIn
CNT02433,E11,Skye Group,2023,8,August,Q3,DevOps Engineer,5,2,1,0,0.0,43,LinkedIn
CNT02434,E11,Skye Group,2023,8,August,Q3,Cloud Architect,15,6,1,0,0.0,23,LinkedIn
CNT02435,E11,Skye Group,2023,8,August,Q3,Scrum Master,16,4,1,0,0.0,37,Glassdoor
CNT02436,E11,Skye Group,2023,8,August,Q3,Project Manager,16,6,2,1,6.25,61,LinkedIn
CNT02437,E11,Skye Group,2023,8,August,Q3,Cybersecurity Analyst,13,4,1,0,0.0,45,LinkedIn
CNT02438,E11,Skye Group,2023,9,September,Q3,Data Analyst,48,13,3,1,2.08,28,Csoftmty Jobs
CNT02439,E11,Skye Group,2023,9,September,Q3,Software Developer,5,2,1,0,0.0,30,LinkedIn
CNT02440,E11,Skye Group,2023,9,September,Q3,Backend Developer,18,6,2,1,5.56,56,LinkedIn
CNT02441,E11,Skye Group,2023,9,September,Q3,Frontend Developer,5,1,1,0,0.0,35,Referidos
CNT02442,E11,Skye Group,2023,9,September,Q3,Full Stack Developer,60,16,4,3,5.0,40,Glassdoor
CNT02443,E11,Skye Group,2023,9,September,Q3,DevOps Engineer,19,7,2,1,5.26,36,OCC Mundial
CNT02444,E11,Skye Group,2023,9,September,Q3,Cloud Architect,54,21,4,3,5.56,64,Glassdoor
CNT02445,E11,Skye Group,2023,9,September,Q3,Scrum Master,22,8,2,1,4.55,29,Referidos
CNT02446,E11,Skye Group,2023,9,September,Q3,Project Manager,5,2,1,0,0.0,55,Universidad UANL/ITESM
CNT02447,E11,Skye Group,2023,9,September,Q3,Cybersecurity Analyst,11,4,1,0,0.0,34,OCC Mundial
CNT02448,E11,Skye Group,2023,10,October,Q4,Data Analyst,40,13,3,2,5.0,51,Referidos
CNT02449,E11,Skye Group,2023,10,October,Q4,Software Developer,36,12,4,2,5.56,19,Glassdoor
CNT02450,E11,Skye Group,2023,10,October,Q4,Backend Developer,52,16,4,3,5.77,18,Glassdoor
CNT02451,E11,Skye Group,2023,10,October,Q4,Frontend Developer,26,7,1,0,0.0,44,Glassdoor
CNT02452,E11,Skye Group,2023,10,October,Q4,Full Stack Developer,30,8,2,1,3.33,27,Referidos
CNT02453,E11,Skye Group,2023,10,October,Q4,DevOps Engineer,5,2,1,0,0.0,49,Universidad UANL/ITESM
CNT02454,E11,Skye Group,2023,10,October,Q4,Cloud Architect,34,15,5,3,8.82,53,OCC Mundial
CNT02455,E11,Skye Group,2023,10,October,Q4,Scrum Master,20,6,2,1,5.0,32,LinkedIn
CNT02456,E11,Skye Group,2023,10,October,Q4,Project Manager,14,3,1,0,0.0,32,LinkedIn
CNT02457,E11,Skye Group,2023,10,October,Q4,Cybersecurity Analyst,18,7,1,0,0.0,62,LinkedIn
CNT02458,E11,Skye Group,2023,11,November,Q4,Data Analyst,27,7,2,1,3.7,32,LinkedIn
CNT02459,E11,Skye Group,2023,11,November,Q4,Software Developer,32,14,5,3,9.38,26,LinkedIn
CNT02460,E11,Skye Group,2023,11,November,Q4,Backend Developer,18,6,2,1,5.56,46,Referidos
CNT02461,E11,Skye Group,2023,11,November,Q4,Full Stack Developer,68,17,5,4,5.88,35,Universidad UANL/ITESM
CNT02462,E11,Skye Group,2023,11,November,Q4,DevOps Engineer,51,22,5,3,5.88,22,Glassdoor
CNT02463,E11,Skye Group,2023,11,November,Q4,Cloud Architect,5,2,1,0,0.0,26,Referidos
CNT02464,E11,Skye Group,2023,11,November,Q4,Scrum Master,18,7,2,1,5.56,60,LinkedIn
CNT02465,E11,Skye Group,2023,11,November,Q4,Project Manager,5,1,1,0,0.0,59,LinkedIn
CNT02466,E11,Skye Group,2023,11,November,Q4,Cybersecurity Analyst,8,2,1,0,0.0,59,Csoftmty Jobs
CNT02467,E11,Skye Group,2023,12,December,Q4,Software Developer,60,25,6,4,6.67,45,OCC Mundial
CNT02468,E11,Skye Group,2023,12,December,Q4,Backend Developer,20,5,1,0,0.0,18,Referidos
CNT02469,E11,Skye Group,2023,12,December,Q4,Frontend Developer,68,26,9,6,8.82,40,Glassdoor
CNT02470,E11,Skye Group,2023,12,December,Q4,Full Stack Developer,16,6,2,1,6.25,27,Universidad UANL/ITESM
CNT02471,E11,Skye Group,2023,12,December,Q4,DevOps Engineer,5,1,1,0,0.0,20,Glassdoor
CNT02472,E11,Skye Group,2023,12,December,Q4,Cloud Architect,34,14,2,1,2.94,34,Referidos
CNT02473,E11,Skye Group,2023,12,December,Q4,Scrum Master,18,7,2,1,5.56,24,LinkedIn
CNT02474,E11,Skye Group,2023,12,December,Q4,Project Manager,15,5,1,0,0.0,35,LinkedIn
CNT02475,E11,Skye Group,2023,12,December,Q4,Cybersecurity Analyst,16,6,1,0,0.0,35,Glassdoor
CNT02476,E11,Skye Group,2024,1,January,Q1,Data Analyst,54,14,3,2,3.7,55,Universidad UANL/ITESM
CNT02477,E11,Skye Group,2024,1,January,Q1,Software Developer,27,9,2,1,3.7,44,Referidos
CNT02478,E11,Skye Group,2024,1,January,Q1,Backend Developer,18,7,2,1,5.56,42,LinkedIn
CNT02479,E11,Skye Group,2024,1,January,Q1,Frontend Developer,70,25,6,4,5.71,36,Referidos
CNT02480,E11,Skye Group,2024,1,January,Q1,Full Stack Developer,5,1,1,0,0.0,60,OCC Mundial
CNT02481,E11,Skye Group,2024,1,January,Q1,DevOps Engineer,28,11,3,2,7.14,63,LinkedIn
CNT02482,E11,Skye Group,2024,1,January,Q1,Scrum Master,36,9,2,1,2.78,19,OCC Mundial
CNT02483,E11,Skye Group,2024,1,January,Q1,Project Manager,30,10,2,1,3.33,42,Glassdoor
CNT02484,E11,Skye Group,2024,1,January,Q1,Cybersecurity Analyst,5,1,1,0,0.0,18,LinkedIn
CNT02485,E11,Skye Group,2024,2,February,Q1,Data Analyst,57,19,4,3,5.26,44,LinkedIn
CNT02486,E11,Skye Group,2024,2,February,Q1,Software Developer,38,10,2,1,2.63,60,Universidad UANL/ITESM
CNT02487,E11,Skye Group,2024,2,February,Q1,Backend Developer,39,17,5,4,10.26,30,Referidos
CNT02488,E11,Skye Group,2024,2,February,Q1,Frontend Developer,38,11,2,1,2.63,53,LinkedIn
CNT02489,E11,Skye Group,2024,2,February,Q1,Full Stack Developer,19,5,1,0,0.0,19,Referidos
CNT02490,E11,Skye Group,2024,2,February,Q1,DevOps Engineer,72,21,6,5,6.94,28,Glassdoor
CNT02491,E11,Skye Group,2024,2,February,Q1,Cloud Architect,15,6,2,1,6.67,54,Referidos
CNT02492,E11,Skye Group,2024,2,February,Q1,Scrum Master,48,12,2,1,2.08,32,LinkedIn
CNT02493,E11,Skye Group,2024,2,February,Q1,Project Manager,16,6,1,0,0.0,58,OCC Mundial
CNT02494,E11,Skye Group,2024,2,February,Q1,Cybersecurity Analyst,20,8,1,0,0.0,46,LinkedIn
CNT02495,E11,Skye Group,2024,3,March,Q1,Data Analyst,26,9,2,1,3.85,29,LinkedIn
CNT02496,E11,Skye Group,2024,3,March,Q1,Software Developer,70,19,4,3,4.29,42,OCC Mundial
CNT02497,E11,Skye Group,2024,3,March,Q1,Backend Developer,24,9,2,1,4.17,47,OCC Mundial
CNT02498,E11,Skye Group,2024,3,March,Q1,Frontend Developer,40,17,6,4,10.0,21,OCC Mundial
CNT02499,E11,Skye Group,2024,3,March,Q1,Full Stack Developer,18,8,1,0,0.0,45,Csoftmty Jobs
CNT02500,E11,Skye Group,2024,3,March,Q1,DevOps Engineer,26,8,2,1,3.85,50,Referidos
CNT02501,E11,Skye Group,2024,3,March,Q1,Cloud Architect,5,1,1,0,0.0,43,LinkedIn
CNT02502,E11,Skye Group,2024,3,March,Q1,Scrum Master,30,12,3,2,6.67,41,OCC Mundial
CNT02503,E11,Skye Group,2024,3,March,Q1,Project Manager,9,3,1,0,0.0,55,OCC Mundial
CNT02504,E11,Skye Group,2024,4,April,Q2,Data Analyst,16,6,1,0,0.0,31,Csoftmty Jobs
CNT02505,E11,Skye Group,2024,4,April,Q2,Software Developer,60,23,7,5,8.33,45,Glassdoor
CNT02506,E11,Skye Group,2024,4,April,Q2,Backend Developer,52,22,8,6,11.54,46,Referidos
CNT02507,E11,Skye Group,2024,4,April,Q2,Frontend Developer,5,2,1,0,0.0,51,Referidos
CNT02508,E11,Skye Group,2024,4,April,Q2,Full Stack Developer,18,4,1,0,0.0,48,LinkedIn
CNT02509,E11,Skye Group,2024,4,April,Q2,DevOps Engineer,5,1,1,0,0.0,23,Glassdoor
CNT02510,E11,Skye Group,2024,4,April,Q2,Scrum Master,30,11,4,3,10.0,59,OCC Mundial
CNT02511,E11,Skye Group,2024,4,April,Q2,Project Manager,22,8,2,1,4.55,48,LinkedIn
CNT02512,E11,Skye Group,2024,4,April,Q2,Cybersecurity Analyst,76,24,4,2,2.63,34,OCC Mundial
CNT02513,E11,Skye Group,2024,5,May,Q2,Data Analyst,18,5,1,0,0.0,56,OCC Mundial
CNT02514,E11,Skye Group,2024,5,May,Q2,Software Developer,48,12,3,1,2.08,18,Referidos
CNT02515,E11,Skye Group,2024,5,May,Q2,Backend Developer,14,6,1,0,0.0,61,Referidos
CNT02516,E11,Skye Group,2024,5,May,Q2,Frontend Developer,5,1,1,0,0.0,54,Referidos
CNT02517,E11,Skye Group,2024,5,May,Q2,Full Stack Developer,15,4,1,0,0.0,64,Csoftmty Jobs
CNT02518,E11,Skye Group,2024,5,May,Q2,DevOps Engineer,19,6,1,0,0.0,52,Csoftmty Jobs
CNT02519,E11,Skye Group,2024,5,May,Q2,Cloud Architect,5,2,1,0,0.0,44,OCC Mundial
CNT02520,E11,Skye Group,2024,5,May,Q2,Scrum Master,28,10,2,1,3.57,30,Universidad UANL/ITESM
CNT02521,E11,Skye Group,2024,5,May,Q2,Project Manager,12,4,1,0,0.0,42,OCC Mundial
CNT02522,E11,Skye Group,2024,5,May,Q2,Cybersecurity Analyst,5,2,1,0,0.0,49,OCC Mundial
CNT02523,E11,Skye Group,2024,6,June,Q2,Data Analyst,5,1,1,0,0.0,30,Referidos
CNT02524,E11,Skye Group,2024,6,June,Q2,Software Developer,66,28,5,3,4.55,31,Universidad UANL/ITESM
CNT02525,E11,Skye Group,2024,6,June,Q2,Backend Developer,72,28,10,6,8.33,25,OCC Mundial
CNT02526,E11,Skye Group,2024,6,June,Q2,Frontend Developer,15,4,1,0,0.0,28,LinkedIn
CNT02527,E11,Skye Group,2024,6,June,Q2,Full Stack Developer,16,5,1,0,0.0,31,LinkedIn
CNT02528,E11,Skye Group,2024,6,June,Q2,DevOps Engineer,10,3,1,0,0.0,51,Referidos
CNT02529,E11,Skye Group,2024,6,June,Q2,Cloud Architect,45,15,5,3,6.67,28,OCC Mundial
CNT02530,E11,Skye Group,2024,6,June,Q2,Scrum Master,36,13,3,2,5.56,56,Csoftmty Jobs
CNT02531,E11,Skye Group,2024,6,June,Q2,Project Manager,5,1,1,0,0.0,51,Universidad UANL/ITESM
CNT02532,E11,Skye Group,2024,6,June,Q2,Cybersecurity Analyst,17,6,1,0,0.0,55,Glassdoor
CNT02533,E11,Skye Group,2024,7,July,Q3,Data Analyst,30,13,4,2,6.67,36,OCC Mundial
CNT02534,E11,Skye Group,2024,7,July,Q3,Software Developer,5,1,1,0,0.0,41,OCC Mundial
CNT02535,E11,Skye Group,2024,7,July,Q3,Backend Developer,24,8,3,2,8.33,53,Glassdoor
CNT02536,E11,Skye Group,2024,7,July,Q3,Frontend Developer,36,12,3,2,5.56,52,Universidad UANL/ITESM
CNT02537,E11,Skye Group,2024,7,July,Q3,Full Stack Developer,33,12,4,2,6.06,55,LinkedIn
CNT02538,E11,Skye Group,2024,7,July,Q3,DevOps Engineer,18,7,2,1,5.56,58,Csoftmty Jobs
CNT02539,E11,Skye Group,2024,7,July,Q3,Cloud Architect,5,1,1,0,0.0,24,LinkedIn
CNT02540,E11,Skye Group,2024,7,July,Q3,Cybersecurity Analyst,5,1,1,0,0.0,25,LinkedIn
CNT02541,E11,Skye Group,2024,8,August,Q3,Data Analyst,68,26,7,5,7.35,44,Referidos
CNT02542,E11,Skye Group,2024,8,August,Q3,Software Developer,40,14,4,3,7.5,58,Universidad UANL/ITESM
CNT02543,E11,Skye Group,2024,8,August,Q3,Backend Developer,16,6,2,1,6.25,53,LinkedIn
CNT02544,E11,Skye Group,2024,8,August,Q3,Frontend Developer,8,2,1,0,0.0,24,Glassdoor
CNT02545,E11,Skye Group,2024,8,August,Q3,Full Stack Developer,24,9,2,1,4.17,43,LinkedIn
CNT02546,E11,Skye Group,2024,8,August,Q3,DevOps Engineer,14,3,1,0,0.0,26,Csoftmty Jobs
CNT02547,E11,Skye Group,2024,8,August,Q3,Cloud Architect,15,3,1,0,0.0,62,LinkedIn
CNT02548,E11,Skye Group,2024,8,August,Q3,Scrum Master,13,3,1,0,0.0,63,Referidos
CNT02549,E11,Skye Group,2024,8,August,Q3,Project Manager,8,3,1,0,0.0,42,LinkedIn
CNT02550,E11,Skye Group,2024,8,August,Q3,Cybersecurity Analyst,9,3,1,0,0.0,24,LinkedIn
CNT02551,E11,Skye Group,2024,9,September,Q3,Data Analyst,22,8,2,1,4.55,24,Glassdoor
CNT02552,E11,Skye Group,2024,9,September,Q3,Software Developer,40,14,4,2,5.0,43,Csoftmty Jobs
CNT02553,E11,Skye Group,2024,9,September,Q3,Backend Developer,38,14,4,2,5.26,47,LinkedIn
CNT02554,E11,Skye Group,2024,9,September,Q3,Frontend Developer,8,2,1,0,0.0,28,Csoftmty Jobs
CNT02555,E11,Skye Group,2024,9,September,Q3,Full Stack Developer,19,6,1,0,0.0,41,Glassdoor
CNT02556,E11,Skye Group,2024,9,September,Q3,DevOps Engineer,9,3,1,0,0.0,53,Csoftmty Jobs
CNT02557,E11,Skye Group,2024,9,September,Q3,Cloud Architect,5,1,1,0,0.0,46,OCC Mundial
CNT02558,E11,Skye Group,2024,9,September,Q3,Scrum Master,11,4,1,0,0.0,56,LinkedIn
CNT02559,E11,Skye Group,2024,9,September,Q3,Project Manager,11,3,1,0,0.0,33,OCC Mundial
CNT02560,E11,Skye Group,2024,9,September,Q3,Cybersecurity Analyst,14,4,1,0,0.0,21,Glassdoor
CNT02561,E11,Skye Group,2024,10,October,Q4,Data Analyst,76,29,9,7,9.21,24,Referidos
CNT02562,E11,Skye Group,2024,10,October,Q4,Software Developer,90,24,6,5,5.56,53,LinkedIn
CNT02563,E11,Skye Group,2024,10,October,Q4,Backend Developer,38,15,3,2,5.26,35,Csoftmty Jobs
CNT02564,E11,Skye Group,2024,10,October,Q4,Frontend Developer,39,11,3,2,5.13,19,LinkedIn
CNT02565,E11,Skye Group,2024,10,October,Q4,Full Stack Developer,22,9,2,1,4.55,31,OCC Mundial
CNT02566,E11,Skye Group,2024,10,October,Q4,DevOps Engineer,28,7,2,1,3.57,24,Referidos
CNT02567,E11,Skye Group,2024,10,October,Q4,Cloud Architect,17,6,1,0,0.0,29,Referidos
CNT02568,E11,Skye Group,2024,10,October,Q4,Scrum Master,5,1,1,0,0.0,43,LinkedIn
CNT02569,E11,Skye Group,2024,10,October,Q4,Project Manager,8,2,1,0,0.0,63,LinkedIn
CNT02570,E11,Skye Group,2024,10,October,Q4,Cybersecurity Analyst,10,2,1,0,0.0,38,Glassdoor
CNT02571,E11,Skye Group,2024,11,November,Q4,Data Analyst,80,33,9,6,7.5,53,OCC Mundial
CNT02572,E11,Skye Group,2024,11,November,Q4,Software Developer,68,29,5,3,4.41,57,Universidad UANL/ITESM
CNT02573,E11,Skye Group,2024,11,November,Q4,Backend Developer,48,20,4,2,4.17,32,Referidos
CNT02574,E11,Skye Group,2024,11,November,Q4,Frontend Developer,65,16,4,2,3.08,62,LinkedIn
CNT02575,E11,Skye Group,2024,11,November,Q4,DevOps Engineer,22,8,3,2,9.09,28,LinkedIn
CNT02576,E11,Skye Group,2024,11,November,Q4,Cloud Architect,5,1,1,0,0.0,28,OCC Mundial
CNT02577,E11,Skye Group,2024,11,November,Q4,Project Manager,11,4,1,0,0.0,20,Referidos
CNT02578,E11,Skye Group,2024,12,December,Q4,Data Analyst,45,13,3,2,4.44,19,OCC Mundial
CNT02579,E11,Skye Group,2024,12,December,Q4,Software Developer,77,23,5,3,3.9,54,LinkedIn
CNT02580,E11,Skye Group,2024,12,December,Q4,Backend Developer,18,5,1,0,0.0,38,LinkedIn
CNT02581,E11,Skye Group,2024,12,December,Q4,Frontend Developer,18,5,1,0,0.0,56,Referidos
CNT02582,E11,Skye Group,2024,12,December,Q4,Full Stack Developer,38,12,4,3,7.89,46,Universidad UANL/ITESM
CNT02583,E11,Skye Group,2024,12,December,Q4,DevOps Engineer,5,1,1,0,0.0,22,Referidos
CNT02584,E11,Skye Group,2024,12,December,Q4,Cloud Architect,5,1,1,0,0.0,55,LinkedIn
CNT02585,E11,Skye Group,2024,12,December,Q4,Project Manager,12,3,1,0,0.0,44,Csoftmty Jobs
CNT02586,E11,Skye Group,2024,12,December,Q4,Cybersecurity Analyst,39,12,3,2,5.13,22,Referidos
CNT02587,E12,TI Monterrey,2023,1,January,Q1,Data Analyst,13,4,1,0,0.0,31,Referidos
CNT02588,E12,TI Monterrey,2023,1,January,Q1,Software Developer,36,11,3,1,2.78,27,Glassdoor
CNT02589,E12,TI Monterrey,2023,1,January,Q1,Backend Developer,16,6,1,0,0.0,56,Glassdoor
CNT02590,E12,TI Monterrey,2023,1,January,Q1,Frontend Developer,17,4,1,0,0.0,25,OCC Mundial
CNT02591,E12,TI Monterrey,2023,1,January,Q1,Full Stack Developer,24,8,1,0,0.0,53,Glassdoor
CNT02592,E12,TI Monterrey,2023,1,January,Q1,DevOps Engineer,17,5,1,0,0.0,60,Referidos
CNT02593,E12,TI Monterrey,2023,1,January,Q1,Cloud Architect,5,1,1,0,0.0,62,Csoftmty Jobs
CNT02594,E12,TI Monterrey,2023,1,January,Q1,Project Manager,16,5,1,0,0.0,24,Universidad UANL/ITESM
CNT02595,E12,TI Monterrey,2023,2,February,Q1,Data Analyst,48,18,5,3,6.25,49,Csoftmty Jobs
CNT02596,E12,TI Monterrey,2023,2,February,Q1,Software Developer,42,16,5,3,7.14,37,Universidad UANL/ITESM
CNT02597,E12,TI Monterrey,2023,2,February,Q1,Backend Developer,18,6,2,1,5.56,37,Glassdoor
CNT02598,E12,TI Monterrey,2023,2,February,Q1,Frontend Developer,14,5,1,0,0.0,39,LinkedIn
CNT02599,E12,TI Monterrey,2023,2,February,Q1,Full Stack Developer,17,5,1,0,0.0,35,Referidos
CNT02600,E12,TI Monterrey,2023,2,February,Q1,Cloud Architect,12,4,1,0,0.0,25,LinkedIn
CNT02601,E12,TI Monterrey,2023,2,February,Q1,Project Manager,5,2,1,0,0.0,24,Universidad UANL/ITESM
CNT02602,E12,TI Monterrey,2023,2,February,Q1,Cybersecurity Analyst,18,4,1,0,0.0,50,Referidos
CNT02603,E12,TI Monterrey,2023,3,March,Q1,Software Developer,44,16,3,2,4.55,52,Referidos
CNT02604,E12,TI Monterrey,2023,3,March,Q1,Backend Developer,8,3,1,0,0.0,48,Referidos
CNT02605,E12,TI Monterrey,2023,3,March,Q1,Frontend Developer,10,4,1,0,0.0,43,OCC Mundial
CNT02606,E12,TI Monterrey,2023,3,March,Q1,Full Stack Developer,8,2,1,0,0.0,36,Referidos
CNT02607,E12,TI Monterrey,2023,3,March,Q1,DevOps Engineer,17,6,2,1,5.88,51,LinkedIn
CNT02608,E12,TI Monterrey,2023,3,March,Q1,Cloud Architect,17,5,1,0,0.0,37,LinkedIn
CNT02609,E12,TI Monterrey,2023,3,March,Q1,Scrum Master,16,4,1,0,0.0,20,LinkedIn
CNT02610,E12,TI Monterrey,2023,3,March,Q1,Project Manager,5,2,1,0,0.0,19,Referidos
CNT02611,E12,TI Monterrey,2023,4,April,Q2,Data Analyst,14,4,1,0,0.0,29,LinkedIn
CNT02612,E12,TI Monterrey,2023,4,April,Q2,Software Developer,20,7,2,1,5.0,57,Glassdoor
CNT02613,E12,TI Monterrey,2023,4,April,Q2,Backend Developer,16,6,1,0,0.0,49,Referidos
CNT02614,E12,TI Monterrey,2023,4,April,Q2,Frontend Developer,36,10,2,1,2.78,22,OCC Mundial
CNT02615,E12,TI Monterrey,2023,4,April,Q2,DevOps Engineer,36,16,4,3,8.33,43,OCC Mundial
CNT02616,E12,TI Monterrey,2023,4,April,Q2,Cloud Architect,15,5,1,0,0.0,26,Glassdoor
CNT02617,E12,TI Monterrey,2023,4,April,Q2,Scrum Master,14,4,1,0,0.0,53,LinkedIn
CNT02618,E12,TI Monterrey,2023,4,April,Q2,Project Manager,24,7,1,0,0.0,30,LinkedIn
CNT02619,E12,TI Monterrey,2023,4,April,Q2,Cybersecurity Analyst,18,4,1,0,0.0,42,Universidad UANL/ITESM
CNT02620,E12,TI Monterrey,2023,5,May,Q2,Data Analyst,45,17,4,3,6.67,41,LinkedIn
CNT02621,E12,TI Monterrey,2023,5,May,Q2,Software Developer,44,13,4,2,4.55,24,LinkedIn
CNT02622,E12,TI Monterrey,2023,5,May,Q2,Backend Developer,60,16,3,1,1.67,22,Glassdoor
CNT02623,E12,TI Monterrey,2023,5,May,Q2,Frontend Developer,15,4,1,0,0.0,50,Csoftmty Jobs
CNT02624,E12,TI Monterrey,2023,5,May,Q2,Full Stack Developer,30,11,3,2,6.67,34,Glassdoor
CNT02625,E12,TI Monterrey,2023,5,May,Q2,DevOps Engineer,11,4,1,0,0.0,58,OCC Mundial
CNT02626,E12,TI Monterrey,2023,5,May,Q2,Scrum Master,36,13,4,3,8.33,19,OCC Mundial
CNT02627,E12,TI Monterrey,2023,5,May,Q2,Project Manager,5,2,1,0,0.0,39,LinkedIn
CNT02628,E12,TI Monterrey,2023,5,May,Q2,Cybersecurity Analyst,19,4,1,0,0.0,54,OCC Mundial
CNT02629,E12,TI Monterrey,2023,6,June,Q2,Data Analyst,8,3,1,0,0.0,31,LinkedIn
CNT02630,E12,TI Monterrey,2023,6,June,Q2,Software Developer,72,18,7,5,6.94,49,LinkedIn
CNT02631,E12,TI Monterrey,2023,6,June,Q2,Backend Developer,12,4,1,0,0.0,22,Csoftmty Jobs
CNT02632,E12,TI Monterrey,2023,6,June,Q2,Frontend Developer,5,1,1,0,0.0,43,OCC Mundial
CNT02633,E12,TI Monterrey,2023,6,June,Q2,Full Stack Developer,9,3,1,0,0.0,25,Referidos
CNT02634,E12,TI Monterrey,2023,6,June,Q2,Cloud Architect,42,18,3,2,4.76,28,LinkedIn
CNT02635,E12,TI Monterrey,2023,6,June,Q2,Scrum Master,10,3,1,0,0.0,32,OCC Mundial
CNT02636,E12,TI Monterrey,2023,6,June,Q2,Project Manager,5,1,1,0,0.0,47,LinkedIn
CNT02637,E12,TI Monterrey,2023,7,July,Q3,Data Analyst,18,7,1,0,0.0,46,Csoftmty Jobs
CNT02638,E12,TI Monterrey,2023,7,July,Q3,Software Developer,5,2,1,0,0.0,48,LinkedIn
CNT02639,E12,TI Monterrey,2023,7,July,Q3,Backend Developer,18,5,1,0,0.0,50,LinkedIn
CNT02640,E12,TI Monterrey,2023,7,July,Q3,Frontend Developer,13,4,1,0,0.0,53,LinkedIn
CNT02641,E12,TI Monterrey,2023,7,July,Q3,Full Stack Developer,5,1,1,0,0.0,35,OCC Mundial
CNT02642,E12,TI Monterrey,2023,7,July,Q3,DevOps Engineer,19,6,1,0,0.0,32,Universidad UANL/ITESM
CNT02643,E12,TI Monterrey,2023,7,July,Q3,Cloud Architect,11,3,1,0,0.0,62,LinkedIn
CNT02644,E12,TI Monterrey,2023,7,July,Q3,Scrum Master,5,1,1,0,0.0,43,Referidos
CNT02645,E12,TI Monterrey,2023,7,July,Q3,Cybersecurity Analyst,11,4,1,0,0.0,20,LinkedIn
CNT02646,E12,TI Monterrey,2023,8,August,Q3,Data Analyst,14,5,1,0,0.0,34,Universidad UANL/ITESM
CNT02647,E12,TI Monterrey,2023,8,August,Q3,Software Developer,27,11,3,2,7.41,18,Referidos
CNT02648,E12,TI Monterrey,2023,8,August,Q3,Backend Developer,48,16,4,3,6.25,31,LinkedIn
CNT02649,E12,TI Monterrey,2023,8,August,Q3,Frontend Developer,9,3,1,0,0.0,36,Referidos
CNT02650,E12,TI Monterrey,2023,8,August,Q3,Full Stack Developer,26,6,1,0,0.0,21,Glassdoor
CNT02651,E12,TI Monterrey,2023,8,August,Q3,DevOps Engineer,36,13,4,2,5.56,49,LinkedIn
CNT02652,E12,TI Monterrey,2023,8,August,Q3,Cloud Architect,5,1,1,0,0.0,38,OCC Mundial
CNT02653,E12,TI Monterrey,2023,8,August,Q3,Scrum Master,8,2,1,0,0.0,38,LinkedIn
CNT02654,E12,TI Monterrey,2023,8,August,Q3,Project Manager,14,5,1,0,0.0,48,LinkedIn
CNT02655,E12,TI Monterrey,2023,8,August,Q3,Cybersecurity Analyst,17,5,1,0,0.0,42,Csoftmty Jobs
CNT02656,E12,TI Monterrey,2023,9,September,Q3,Software Developer,48,20,5,4,8.33,40,LinkedIn
CNT02657,E12,TI Monterrey,2023,9,September,Q3,Backend Developer,30,8,2,1,3.33,33,LinkedIn
CNT02658,E12,TI Monterrey,2023,9,September,Q3,Frontend Developer,17,4,1,0,0.0,38,Csoftmty Jobs
CNT02659,E12,TI Monterrey,2023,9,September,Q3,Full Stack Developer,18,5,1,0,0.0,28,Referidos
CNT02660,E12,TI Monterrey,2023,9,September,Q3,Cloud Architect,5,1,1,0,0.0,42,OCC Mundial
CNT02661,E12,TI Monterrey,2023,9,September,Q3,Scrum Master,10,4,1,0,0.0,63,LinkedIn
CNT02662,E12,TI Monterrey,2023,9,September,Q3,Project Manager,16,5,1,0,0.0,58,Referidos
CNT02663,E12,TI Monterrey,2023,9,September,Q3,Cybersecurity Analyst,34,9,2,1,2.94,23,Referidos
CNT02664,E12,TI Monterrey,2023,10,October,Q4,Data Analyst,95,26,9,6,6.32,18,Glassdoor
CNT02665,E12,TI Monterrey,2023,10,October,Q4,Software Developer,10,4,1,0,0.0,25,LinkedIn
CNT02666,E12,TI Monterrey,2023,10,October,Q4,Backend Developer,108,46,17,12,11.11,50,Referidos
CNT02667,E12,TI Monterrey,2023,10,October,Q4,Frontend Developer,24,8,2,1,4.17,57,Referidos
CNT02668,E12,TI Monterrey,2023,10,October,Q4,Full Stack Developer,20,8,3,2,10.0,62,Referidos
CNT02669,E12,TI Monterrey,2023,10,October,Q4,DevOps Engineer,5,1,1,0,0.0,44,OCC Mundial
CNT02670,E12,TI Monterrey,2023,10,October,Q4,Cloud Architect,5,1,1,0,0.0,52,LinkedIn
CNT02671,E12,TI Monterrey,2023,10,October,Q4,Scrum Master,13,5,1,0,0.0,34,LinkedIn
CNT02672,E12,TI Monterrey,2023,10,October,Q4,Project Manager,5,1,1,0,0.0,63,Universidad UANL/ITESM
CNT02673,E12,TI Monterrey,2023,10,October,Q4,Cybersecurity Analyst,38,9,3,1,2.63,49,Universidad UANL/ITESM
CNT02674,E12,TI Monterrey,2023,11,November,Q4,Data Analyst,5,1,1,0,0.0,38,Referidos
CNT02675,E12,TI Monterrey,2023,11,November,Q4,Software Developer,85,24,6,4,4.71,24,OCC Mundial
CNT02676,E12,TI Monterrey,2023,11,November,Q4,Backend Developer,24,8,3,2,8.33,56,Csoftmty Jobs
CNT02677,E12,TI Monterrey,2023,11,November,Q4,Frontend Developer,32,9,2,1,3.12,37,Referidos
CNT02678,E12,TI Monterrey,2023,11,November,Q4,DevOps Engineer,5,1,1,0,0.0,56,Referidos
CNT02679,E12,TI Monterrey,2023,11,November,Q4,Scrum Master,5,1,1,0,0.0,54,LinkedIn
CNT02680,E12,TI Monterrey,2023,11,November,Q4,Project Manager,12,5,1,0,0.0,28,LinkedIn
CNT02681,E12,TI Monterrey,2023,12,December,Q4,Data Analyst,57,17,6,4,7.02,59,Glassdoor
CNT02682,E12,TI Monterrey,2023,12,December,Q4,Software Developer,36,10,2,1,2.78,44,LinkedIn
CNT02683,E12,TI Monterrey,2023,12,December,Q4,Backend Developer,44,17,4,3,6.82,23,Referidos
CNT02684,E12,TI Monterrey,2023,12,December,Q4,Full Stack Developer,16,4,1,0,0.0,19,OCC Mundial
CNT02685,E12,TI Monterrey,2023,12,December,Q4,DevOps Engineer,12,4,1,0,0.0,49,LinkedIn
CNT02686,E12,TI Monterrey,2023,12,December,Q4,Scrum Master,18,6,2,1,5.56,47,Csoftmty Jobs
CNT02687,E12,TI Monterrey,2023,12,December,Q4,Project Manager,16,5,1,0,0.0,39,OCC Mundial
CNT02688,E12,TI Monterrey,2023,12,December,Q4,Cybersecurity Analyst,16,6,1,0,0.0,55,OCC Mundial
CNT02689,E12,TI Monterrey,2024,1,January,Q1,Data Analyst,32,11,3,2,6.25,52,OCC Mundial
CNT02690,E12,TI Monterrey,2024,1,January,Q1,Software Developer,15,4,1,0,0.0,19,LinkedIn
CNT02691,E12,TI Monterrey,2024,1,January,Q1,Backend Developer,85,36,14,11,12.94,38,Referidos
CNT02692,E12,TI Monterrey,2024,1,January,Q1,Frontend Developer,16,4,1,0,0.0,49,Referidos
CNT02693,E12,TI Monterrey,2024,1,January,Q1,Full Stack Developer,76,26,5,3,3.95,60,OCC Mundial
CNT02694,E12,TI Monterrey,2024,1,January,Q1,Cloud Architect,19,8,1,0,0.0,62,Universidad UANL/ITESM
CNT02695,E12,TI Monterrey,2024,1,January,Q1,Scrum Master,17,7,1,0,0.0,30,Referidos
CNT02696,E12,TI Monterrey,2024,1,January,Q1,Project Manager,24,7,1,0,0.0,32,Referidos
CNT02697,E12,TI Monterrey,2024,1,January,Q1,Cybersecurity Analyst,20,5,1,0,0.0,35,LinkedIn
CNT02698,E12,TI Monterrey,2024,2,February,Q1,Data Analyst,11,3,1,0,0.0,54,LinkedIn
CNT02699,E12,TI Monterrey,2024,2,February,Q1,Software Developer,60,25,9,5,8.33,26,LinkedIn
CNT02700,E12,TI Monterrey,2024,2,February,Q1,Backend Developer,45,14,4,2,4.44,24,LinkedIn
CNT02701,E12,TI Monterrey,2024,2,February,Q1,Frontend Developer,11,2,1,0,0.0,56,Referidos
CNT02702,E12,TI Monterrey,2024,2,February,Q1,Full Stack Developer,39,11,2,1,2.56,31,OCC Mundial
CNT02703,E12,TI Monterrey,2024,2,February,Q1,Cloud Architect,18,6,1,0,0.0,18,Csoftmty Jobs
CNT02704,E12,TI Monterrey,2024,2,February,Q1,Scrum Master,19,7,2,1,5.26,36,Referidos
CNT02705,E12,TI Monterrey,2024,2,February,Q1,Cybersecurity Analyst,5,1,1,0,0.0,19,Referidos
CNT02706,E12,TI Monterrey,2024,3,March,Q1,Data Analyst,36,12,4,2,5.56,24,OCC Mundial
CNT02707,E12,TI Monterrey,2024,3,March,Q1,Software Developer,30,13,3,2,6.67,19,Universidad UANL/ITESM
CNT02708,E12,TI Monterrey,2024,3,March,Q1,Backend Developer,24,6,1,0,0.0,21,Glassdoor
CNT02709,E12,TI Monterrey,2024,3,March,Q1,Frontend Developer,11,4,1,0,0.0,60,LinkedIn
CNT02710,E12,TI Monterrey,2024,3,March,Q1,Full Stack Developer,15,4,1,0,0.0,48,Glassdoor
CNT02711,E12,TI Monterrey,2024,3,March,Q1,DevOps Engineer,14,5,1,0,0.0,51,LinkedIn
CNT02712,E12,TI Monterrey,2024,3,March,Q1,Cloud Architect,5,1,1,0,0.0,31,LinkedIn
CNT02713,E12,TI Monterrey,2024,3,March,Q1,Scrum Master,8,2,1,0,0.0,48,Referidos
CNT02714,E12,TI Monterrey,2024,3,March,Q1,Cybersecurity Analyst,17,6,1,0,0.0,61,Referidos
CNT02715,E12,TI Monterrey,2024,4,April,Q2,Data Analyst,15,6,1,0,0.0,25,LinkedIn
CNT02716,E12,TI Monterrey,2024,4,April,Q2,Software Developer,26,6,1,0,0.0,47,Csoftmty Jobs
CNT02717,E12,TI Monterrey,2024,4,April,Q2,Backend Developer,17,6,1,0,0.0,59,Referidos
CNT02718,E12,TI Monterrey,2024,4,April,Q2,Frontend Developer,5,1,1,0,0.0,46,LinkedIn
CNT02719,E12,TI Monterrey,2024,4,April,Q2,Full Stack Developer,48,16,5,4,8.33,62,LinkedIn
CNT02720,E12,TI Monterrey,2024,4,April,Q2,DevOps Engineer,8,2,1,0,0.0,35,LinkedIn
CNT02721,E12,TI Monterrey,2024,4,April,Q2,Cloud Architect,36,14,4,2,5.56,23,LinkedIn
CNT02722,E12,TI Monterrey,2024,4,April,Q2,Scrum Master,11,3,1,0,0.0,56,LinkedIn
CNT02723,E12,TI Monterrey,2024,4,April,Q2,Project Manager,5,2,1,0,0.0,60,Glassdoor
CNT02724,E12,TI Monterrey,2024,4,April,Q2,Cybersecurity Analyst,12,3,1,0,0.0,20,Universidad UANL/ITESM
CNT02725,E12,TI Monterrey,2024,5,May,Q2,Data Analyst,32,9,2,1,3.12,19,Referidos
CNT02726,E12,TI Monterrey,2024,5,May,Q2,Software Developer,85,36,9,5,5.88,63,LinkedIn
CNT02727,E12,TI Monterrey,2024,5,May,Q2,Backend Developer,9,3,1,0,0.0,44,Referidos
CNT02728,E12,TI Monterrey,2024,5,May,Q2,Frontend Developer,13,4,1,0,0.0,24,LinkedIn
CNT02729,E12,TI Monterrey,2024,5,May,Q2,Full Stack Developer,5,1,1,0,0.0,58,OCC Mundial
CNT02730,E12,TI Monterrey,2024,5,May,Q2,DevOps Engineer,20,7,2,1,5.0,60,Csoftmty Jobs
CNT02731,E12,TI Monterrey,2024,5,May,Q2,Cloud Architect,18,6,1,0,0.0,61,LinkedIn
CNT02732,E12,TI Monterrey,2024,5,May,Q2,Project Manager,19,6,2,1,5.26,64,LinkedIn
CNT02733,E12,TI Monterrey,2024,5,May,Q2,Cybersecurity Analyst,13,5,1,0,0.0,24,Csoftmty Jobs
CNT02734,E12,TI Monterrey,2024,6,June,Q2,Data Analyst,16,6,1,0,0.0,25,LinkedIn
CNT02735,E12,TI Monterrey,2024,6,June,Q2,Software Developer,60,19,4,3,5.0,36,OCC Mundial
CNT02736,E12,TI Monterrey,2024,6,June,Q2,Backend Developer,14,5,1,0,0.0,40,LinkedIn
CNT02737,E12,TI Monterrey,2024,6,June,Q2,Frontend Developer,10,4,1,0,0.0,59,Referidos
CNT02738,E12,TI Monterrey,2024,6,June,Q2,DevOps Engineer,10,4,1,0,0.0,50,Universidad UANL/ITESM
CNT02739,E12,TI Monterrey,2024,6,June,Q2,Scrum Master,12,4,1,0,0.0,29,Csoftmty Jobs
CNT02740,E12,TI Monterrey,2024,6,June,Q2,Project Manager,16,5,1,0,0.0,52,Glassdoor
CNT02741,E12,TI Monterrey,2024,6,June,Q2,Cybersecurity Analyst,12,4,1,0,0.0,24,LinkedIn
CNT02742,E12,TI Monterrey,2024,7,July,Q3,Data Analyst,56,18,6,4,7.14,52,OCC Mundial
CNT02743,E12,TI Monterrey,2024,7,July,Q3,Software Developer,14,5,1,0,0.0,54,LinkedIn
CNT02744,E12,TI Monterrey,2024,7,July,Q3,Backend Developer,20,8,2,1,5.0,51,OCC Mundial
CNT02745,E12,TI Monterrey,2024,7,July,Q3,Frontend Developer,42,12,3,2,4.76,24,Glassdoor
CNT02746,E12,TI Monterrey,2024,7,July,Q3,Full Stack Developer,26,6,1,0,0.0,50,LinkedIn
CNT02747,E12,TI Monterrey,2024,7,July,Q3,DevOps Engineer,5,2,1,0,0.0,61,LinkedIn
CNT02748,E12,TI Monterrey,2024,7,July,Q3,Cloud Architect,5,2,1,0,0.0,54,LinkedIn
CNT02749,E12,TI Monterrey,2024,7,July,Q3,Scrum Master,5,2,1,0,0.0,41,Referidos
CNT02750,E12,TI Monterrey,2024,7,July,Q3,Project Manager,68,27,8,6,8.82,37,LinkedIn
CNT02751,E12,TI Monterrey,2024,7,July,Q3,Cybersecurity Analyst,9,2,1,0,0.0,52,LinkedIn
CNT02752,E12,TI Monterrey,2024,8,August,Q3,Data Analyst,24,9,2,1,4.17,35,LinkedIn
CNT02753,E12,TI Monterrey,2024,8,August,Q3,Software Developer,24,9,2,1,4.17,32,Universidad UANL/ITESM
CNT02754,E12,TI Monterrey,2024,8,August,Q3,Backend Developer,15,5,1,0,0.0,31,Glassdoor
CNT02755,E12,TI Monterrey,2024,8,August,Q3,Frontend Developer,5,1,1,0,0.0,51,Referidos
CNT02756,E12,TI Monterrey,2024,8,August,Q3,Full Stack Developer,27,6,2,1,3.7,60,Glassdoor
CNT02757,E12,TI Monterrey,2024,8,August,Q3,Cloud Architect,15,4,1,0,0.0,64,OCC Mundial
CNT02758,E12,TI Monterrey,2024,8,August,Q3,Scrum Master,5,1,1,0,0.0,24,Referidos
CNT02759,E12,TI Monterrey,2024,8,August,Q3,Project Manager,5,1,1,0,0.0,43,OCC Mundial
CNT02760,E12,TI Monterrey,2024,8,August,Q3,Cybersecurity Analyst,26,10,3,2,7.69,36,Referidos
CNT02761,E12,TI Monterrey,2024,9,September,Q3,Data Analyst,20,7,1,0,0.0,54,LinkedIn
CNT02762,E12,TI Monterrey,2024,9,September,Q3,Software Developer,56,22,7,6,10.71,60,OCC Mundial
CNT02763,E12,TI Monterrey,2024,9,September,Q3,Backend Developer,38,14,5,4,10.53,59,Csoftmty Jobs
CNT02764,E12,TI Monterrey,2024,9,September,Q3,Frontend Developer,16,6,1,0,0.0,24,LinkedIn
CNT02765,E12,TI Monterrey,2024,9,September,Q3,Full Stack Developer,36,13,4,2,5.56,22,Referidos
CNT02766,E12,TI Monterrey,2024,9,September,Q3,DevOps Engineer,5,1,1,0,0.0,29,LinkedIn
CNT02767,E12,TI Monterrey,2024,9,September,Q3,Cloud Architect,10,4,1,0,0.0,37,Universidad UANL/ITESM
CNT02768,E12,TI Monterrey,2024,9,September,Q3,Cybersecurity Analyst,16,4,1,0,0.0,56,Referidos
CNT02769,E12,TI Monterrey,2024,10,October,Q4,Data Analyst,36,12,3,2,5.56,56,Universidad UANL/ITESM
CNT02770,E12,TI Monterrey,2024,10,October,Q4,Software Developer,76,33,10,8,10.53,57,OCC Mundial
CNT02771,E12,TI Monterrey,2024,10,October,Q4,Backend Developer,28,12,2,1,3.57,49,Referidos
CNT02772,E12,TI Monterrey,2024,10,October,Q4,Frontend Developer,15,6,1,0,0.0,37,LinkedIn
CNT02773,E12,TI Monterrey,2024,10,October,Q4,Full Stack Developer,15,4,1,0,0.0,19,OCC Mundial
CNT02774,E12,TI Monterrey,2024,10,October,Q4,DevOps Engineer,15,5,1,0,0.0,20,Glassdoor
CNT02775,E12,TI Monterrey,2024,10,October,Q4,Cloud Architect,14,6,1,0,0.0,18,LinkedIn
CNT02776,E12,TI Monterrey,2024,10,October,Q4,Scrum Master,32,9,2,1,3.12,25,Glassdoor
CNT02777,E12,TI Monterrey,2024,10,October,Q4,Project Manager,5,2,1,0,0.0,49,Referidos
CNT02778,E12,TI Monterrey,2024,11,November,Q4,Data Analyst,18,7,2,1,5.56,50,OCC Mundial
CNT02779,E12,TI Monterrey,2024,11,November,Q4,Software Developer,48,16,5,4,8.33,43,LinkedIn
CNT02780,E12,TI Monterrey,2024,11,November,Q4,Backend Developer,27,7,1,0,0.0,56,LinkedIn
CNT02781,E12,TI Monterrey,2024,11,November,Q4,Frontend Developer,5,1,1,0,0.0,45,LinkedIn
CNT02782,E12,TI Monterrey,2024,11,November,Q4,Full Stack Developer,11,4,1,0,0.0,36,Referidos
CNT02783,E12,TI Monterrey,2024,11,November,Q4,DevOps Engineer,33,13,2,1,3.03,44,OCC Mundial
CNT02784,E12,TI Monterrey,2024,11,November,Q4,Cloud Architect,17,6,1,0,0.0,22,LinkedIn
CNT02785,E12,TI Monterrey,2024,11,November,Q4,Scrum Master,51,21,4,3,5.88,59,LinkedIn
CNT02786,E12,TI Monterrey,2024,11,November,Q4,Project Manager,22,5,1,0,0.0,25,LinkedIn
CNT02787,E12,TI Monterrey,2024,11,November,Q4,Cybersecurity Analyst,14,4,1,0,0.0,39,LinkedIn
CNT02788,E12,TI Monterrey,2024,12,December,Q4,Data Analyst,32,12,3,2,6.25,47,LinkedIn
CNT02789,E12,TI Monterrey,2024,12,December,Q4,Software Developer,45,11,2,1,2.22,43,LinkedIn
CNT02790,E12,TI Monterrey,2024,12,December,Q4,Backend Developer,22,8,2,1,4.55,22,LinkedIn
CNT02791,E12,TI Monterrey,2024,12,December,Q4,Frontend Developer,13,4,1,0,0.0,29,Universidad UANL/ITESM
CNT02792,E12,TI Monterrey,2024,12,December,Q4,Full Stack Developer,33,13,4,3,9.09,58,LinkedIn
CNT02793,E12,TI Monterrey,2024,12,December,Q4,DevOps Engineer,8,3,1,0,0.0,47,Csoftmty Jobs
CNT02794,E12,TI Monterrey,2024,12,December,Q4,Cloud Architect,13,3,1,0,0.0,57,LinkedIn
CNT02795,E12,TI Monterrey,2024,12,December,Q4,Scrum Master,5,1,1,0,0.0,41,Glassdoor
CNT02796,E12,TI Monterrey,2024,12,December,Q4,Project Manager,28,10,2,1,3.57,61,LinkedIn
